customer_zip_code_prefix
22790    142
24220    124
22793    121
24230    117
22775    110
29101    101
13212     95
35162     93
22631     89
38400     87
35500     86
36570     84
37200     83
13214     82
11030     81
11065     80
11740     80
28970     77
11680     76
13087     76
7600      75
20540     74
20541     74
36400     73
29102     73
20550     72
24210     72
39400     71
22795     71
35700     71
11075     70
38408     68
13060     68
37701     67
22753     67
30140     66
88330     65
36900     65
30130     65
20520     65
38600     63
13050     63
35900     63
13070     63
22250     61
24240     60
21321     60
13820     60
33400     59
41830     58
13040     58
35400     57
22290     56
22451     56
9371      56
30320     55
13348     55
22710     55
90010     54
29090     54
38610     54
35300     54
30190     53
12243     53
22230     53
20551     53
15600     53
37550     53
39401     52
11070     52
21330     52
98700     52
30310     52
11702     52
30575     51
22750     51
11045     51
22780     51
22743     51
35519     51
18550     50
29055     50
30170     50
20720     50
20260     50
11900     50
22770     50
30150     50
30380     49
20230     49
11250     49
20560     49
22260     49
22240     48
31330     48
30441     48
71680     48
12233     47
89560     47
11700     47
11025     47
28300     47
12246     46
13140     46
6900      46
11630     46
20511     46
22231     45
22783     45
6454      45
22270     45
22723     45
24110     45
33200     45
11015     45
35790     44
88058     44
20270     44
13720     44
6730      44
11750     44
35680     44
14403     44
80240     44
13295     44
88220     44
13290     44
88034     43
13160     43
22221     43
13560     43
14020     43
29060     43
41810     43
13056     42
35160     42
37410     42
6765      42
30431     42
51020     42
11055     42
11730     42
11040     42
20510     42
20271     42
20521     42
21230     42
20261     42
39270     42
30421     41
31170     41
9820      41
12230     41
13480     41
13211     41
22450     41
87020     41
36420     41
9910      41
99010     40
35430     40
45810     40
89900     40
33600     40
13190     40
35701     40
31270     40
37640     40
11060     40
13272     40
11320     39
97015     39
13054     39
21931     39
13084     39
9725      39
6700      39
35600     39
11704     39
80250     39
80730     39
57035     39
22410     38
6414      38
20031     38
30411     38
46430     38
13219     38
11701     38
15400     38
95555     38
9090      38
12120     38
9540      38
27700     37
24120     37
11035     37
20735     37
13201     37
28893     37
20040     37
13280     37
13044     37
37800     37
22470     37
39402     37
30160     37
35930     37
30180     37
28035     37
13092     37
18530     37
21235     37
88015     37
70673     37
65075     36
37500     36
22620     36
37950     36
13178     36
35164     36
24350     36
93700     36
30350     36
17800     36
13330     36
12236     36
13920     36
8290      36
22713     36
38401     36
14790     36
47850     36
75690     36
36010     36
13218     36
22251     35
18900     35
36500     35
15775     35
13150     35
45400     35
18055     35
13500     35
20950     35
95520     35
22430     35
4140      35
24030     35
13360     35
37540     35
26600     35
80030     35
14600     34
30330     34
9895      34
28625     34
80060     34
13206     34
9060      34
15910     34
24020     34
13405     34
22210     34
37470     34
21020     34
88780     34
28895     34
26255     34
89801     34
13175     33
80050     33
6764      33
23075     33
41720     33
20530     33
22461     33
13083     33
5145      33
31030     33
22621     33
13145     33
6020      33
90020     33
99700     33
86050     33
29175     33
35420     33
14090     33
12242     33
15900     33
4571      32
23970     32
11310     32
20780     32
95780     32
13085     32
28470     32
35450     32
4363      32
22071     32
35010     32
14021     32
6663      32
35570     32
14801     32
86020     32
22745     32
31140     32
20241     32
16370     32
9070      32
13185     31
13416     31
30240     31
22280     31
24360     31
80620     31
5782      31
85960     31
9750      31
9111      31
36016     31
22011     31
13419     31
20771     31
37925     31
3572      31
18150     31
13484     31
8773      31
7190      31
80320     31
88036     31
13015     31
37704     31
92500     31
5017      30
13506     30
95670     30
88200     30
18520     30
7500      30
14500     30
31035     30
36415     30
28030     30
90040     30
13450     30
21940     30
6543      30
13035     30
22610     30
91910     30
95020     30
9260      30
9351      30
22630     30
16400     30
15015     29
13045     29
20561     29
51030     29
15130     29
13208     29
31110     29
18460     29
96400     29
28950     29
13073     29
1415      29
13202     29
1307      29
14620     29
16200     29
22765     29
95900     29
9230      29
30720     29
22471     29
13467     29
88010     29
89820     29
36660     29
17340     29
28930     29
7124      28
12235     28
22220     28
2435      28
13400     28
41820     28
9850      28
4313      28
27600     28
9280      28
38411     28
36015     28
90035     28
22640     28
14900     28
13273     28
28800     28
35180     28
78050     28
17900     28
17400     28
78850     28
8280      28
13401     28
14300     28
26900     28
86010     28
22081     28
13478     28
22050     28
8615      28
13420     28
13660     28
21073     28
90050     28
1423      28
13468     28
29050     28
89300     28
38414     28
85660     28
13010     28
13080     28
13142     27
39100     27
14055     27
9861      27
36800     27
20775     27
5303      27
70680     27
22441     27
88020     27
5409      27
89460     27
34800     27
13033     27
23520     27
13905     27
13042     27
22041     27
68515     27
13418     27
21331     27
29167     27
4302      27
21021     27
13504     27
38700     27
24130     27
13183     27
30285     27
96010     27
88101     27
83260     27
1311      27
35960     26
38300     26
97700     26
5171      26
11420     26
9271      26
13041     26
12030     26
31010     26
9710      26
42700     26
35501     26
35170     26
22030     26
12460     26
6160      26
38200     26
13181     26
13049     26
88025     26
92310     26
9450      26
91787     26
9190      26
13870     26
39403     26
38412     26
19400     26
9751      26
4195      26
9310      26
35460     26
89600     26
13186     26
81050     26
71070     26
95800     26
38183     26
7170      25
96015     25
22440     25
78600     25
9950      25
72220     25
36200     25
1230      25
18120     25
9530      25
13482     25
13486     25
96211     25
38550     25
29160     25
14030     25
9330      25
90620     25
23092     25
78200     25
4844      25
17511     25
88132     25
21920     25
9541      25
42850     25
12630     25
14810     25
96200     25
35588     25
16901     25
12237     25
30535     25
8253      25
13025     25
13481     25
6365      25
39860     25
9560      25
9195      25
21221     25
30620     25
88070     25
30840     25
39800     25
13091     25
12570     25
31160     25
18071     25
30570     25
22720     25
13225     25
95590     25
31130     25
21220     25
9080      25
8490      24
47800     24
38500     24
8830      24
31260     24
23585     24
9240      24
29166     24
13098     24
85601     24
13417     24
22051     24
89500     24
85501     24
28540     24
23060     24
30710     24
86300     24
8330      24
78455     24
14780     24
84600     24
95700     24
74823     24
78300     24
22010     24
36025     24
5410      24
13184     24
9580      24
12244     24
8710      24
13806     24
13024     24
99500     24
15385     24
40285     24
97300     24
7130      24
34006     24
38405     24
22420     24
22261     24
13825     24
14140     24
37900     24
44700     24
8780      24
20231     23
27525     23
7176      23
12942     23
9321      23
1224      23
51021     23
27910     23
19470     23
9920      23
11020     23
75830     23
13207     23
13059     23
9811      23
4045      23
71020     23
23045     23
12245     23
13076     23
13209     23
66095     23
71060     23
95200     23
9180      23
85884     23
88495     23
13215     23
8270      23
15990     23
21941     23
8790      23
13940     23
64049     23
11410     23
12225     23
9320      23
9130      23
93010     23
22020     23
21250     23
21341     23
22740     23
18170     23
8717      23
13566     23
6436      23
29163     23
22040     23
4304      23
28400     23
58038     23
5415      22
12970     22
66055     22
13188     22
14401     22
84500     22
99150     22
8150      22
13275     22
18051     22
24315     22
46100     22
39480     22
35502     22
8021      22
18540     22
62800     22
35650     22
90430     22
22031     22
19600     22
14940     22
8420      22
9550      22
8210      22
8440      22
97050     22
2611      22
4144      22
22725     22
32670     22
87013     22
22411     22
13026     22
4551      22
4516      22
35530     22
24320     22
13058     22
87200     22
22271     22
6330      22
9185      22
24342     22
36880     22
38440     22
97010     22
22080     22
14060     22
18025     22
22431     22
8223      22
31910     22
30220     22
88063     22
6236      22
27281     22
36240     22
76820     22
13061     22
37600     22
9781      22
22730     22
4119      22
35540     22
39560     22
22021     22
13412     21
82820     21
65058     21
20030     21
9030      21
13465     21
14802     21
91130     21
35660     21
7700      21
98200     21
9840      21
8240      21
12940     21
24358     21
9220      21
4514      21
17280     21
17012     21
15085     21
4015      21
13607     21
14025     21
37750     21
31060     21
89520     21
6763      21
71010     21
13213     21
88820     21
81200     21
31515     21
88117     21
5016      21
31720     21
7241      21
37270     21
22061     21
13052     21
6950      21
1306      21
90470     21
5025      21
85810     21
30360     21
26510     21
7791      21
26525     21
13575     21
80330     21
12220     21
4531      21
32280     21
30640     21
78043     21
7161      21
89010     21
11050     21
8673      21
74810     21
28360     21
41760     21
30770     21
43700     21
81810     21
30315     21
18087     21
90520     21
24241     21
9760      21
5734      21
88040     21
18650     21
11705     21
4534      20
5727      20
5351      20
14860     20
24431     20
89120     20
11440     20
90240     20
13403     20
4561      20
22755     20
25963     20
78890     20
22070     20
96810     20
17017     20
5417      20
65066     20
22733     20
95185     20
93510     20
37190     20
6172      20
28860     20
20090     20
65071     20
20211     20
28680     20
13710     20
96065     20
39680     20
27963     20
90420     20
96020     20
21610     20
18078     20
13830     20
38800     20
13088     20
4011      20
24340     20
9720      20
37580     20
13503     20
19700     20
24445     20
36050     20
91770     20
23560     20
21380     20
8260      20
41680     20
20921     20
4851      20
25655     20
30520     20
9390      20
4661      20
13068     20
29164     20
88701     20
14091     20
13454     20
8215      20
13327     20
72215     20
6823      20
88750     20
13308     20
6654      20
83065     20
25900     20
31155     20
98801     20
9790      19
8225      19
18130     19
21310     19
13323     19
90670     19
4537      19
91350     19
84200     19
29830     19
88110     19
13232     19
7020      19
16700     19
23040     19
88085     19
30882     19
48970     19
4545      19
17514     19
30260     19
23052     19
90450     19
18603     19
4543      19
4675      19
6767      19
41100     19
89203     19
85555     19
80020     19
80420     19
29216     19
13064     19
80610     19
38701     19
15061     19
14095     19
5726      19
90130     19
13255     19
28960     19
71503     19
18800     19
13331     19
70670     19
13960     19
13256     19
28460     19
18200     19
4524      19
20785     19
13340     19
36830     19
14400     19
41250     19
6150      19
9911      19
2998      19
12606     19
12327     19
52011     19
1451      19
7144      19
4006      19
32241     19
5128      19
80035     19
81110     19
26070     19
90640     19
9941      19
36520     19
15370     19
9726      19
71699     19
13253     19
13276     19
18053     19
5756      19
4564      19
13345     19
9771      19
23087     19
24451     19
15440     19
5083      19
71065     19
68005     19
4532      19
41750     19
90220     19
31742     19
13240     19
4474      19
28908     19
9780      19
88090     19
9770      19
13835     19
23070     19
14730     19
9121      18
44380     18
25850     18
28909     18
9040      18
27580     18
72225     18
88370     18
6386      18
14050     18
88106     18
11432     18
17512     18
29057     18
45700     18
99200     18
6540      18
31310     18
4117      18
92020     18
66085     18
12955     18
4547      18
83203     18
8573      18
82560     18
91450     18
13466     18
1229      18
13670     18
14110     18
38900     18
79002     18
21060     18
72015     18
9370      18
20220     18
71015     18
18048     18
29165     18
23575     18
18090     18
13495     18
14750     18
21215     18
5541      18
40150     18
18560     18
7082      18
91260     18
95680     18
95330     18
2022      18
32450     18
66060     18
74210     18
97670     18
18760     18
3112      18
20940     18
1046      18
31530     18
23587     18
91520     18
15084     18
14740     18
13473     18
88303     18
13309     18
18017     18
18085     18
6460      18
4143      18
9210      18
38402     18
66040     18
81130     18
9350      18
13800     18
83420     18
20745     18
30492     18
19970     18
37505     18
41815     18
1222      18
93950     18
13990     18
1419      18
4674      18
8421      18
78635     18
8730      18
21011     18
9360      18
50710     18
13030     18
9290      18
12232     18
5302      18
13505     18
2402      18
30662     18
66615     18
37590     18
7142      18
1258      18
1322      18
32600     18
28990     18
75800     18
24440     18
25730     18
82640     18
16300     18
14094     18
36202     18
28890     18
29930     18
29360     18
22281     18
35020     18
21050     18
22763     18
39740     18
27933     18
9572      18
9571      18
13301     18
4311      18
92410     18
12241     18
28896     18
52041     18
12922     18
35970     18
21210     18
86975     18
14409     17
5416      17
9890      17
38410     17
6719      17
21615     17
7197      17
95500     17
91760     17
87050     17
4116      17
39404     17
1424      17
13843     17
88054     17
85301     17
56000     17
81670     17
13339     17
80230     17
78320     17
36700     17
29500     17
31741     17
38320     17
66080     17
14960     17
66093     17
91330     17
28941     17
6395      17
13210     17
29285     17
65800     17
4747      17
22060     17
1403      17
8160      17
32340     17
40140     17
76400     17
13874     17
4671      17
3807      17
6390      17
89240     17
89201     17
71050     17
25710     17
21031     17
66033     17
95650     17
39801     17
13090     17
3220      17
6710      17
88062     17
36033     17
76824     17
11013     17
11703     17
28020     17
8032      17
4205      17
29300     17
25635     17
13848     17
80530     17
23020     17
28500     17
67133     17
13278     17
86400     17
23050     17
5311      17
91170     17
18075     17
14870     17
4814      17
8061      17
9635      17
45028     17
29106     17
26520     17
17690     17
22760     17
13334     17
13483     17
31565     17
17580     17
5089      17
88385     17
38703     17
71925     17
87045     17
8050      17
36037     17
88080     17
40296     17
31560     17
37440     17
87010     17
23550     17
73900     17
19010     17
20251     17
55590     17
13561     17
85812     17
90820     17
14800     17
36305     17
18117     17
13285     17
83005     17
9791      17
18500     17
14820     17
91720     17
19360     17
96745     17
9270      17
95560     17
14085     17
4815      17
9990      17
5835      17
98280     17
9041      17
88037     17
15025     17
81750     16
18740     16
12280     16
13569     16
86990     16
6401      16
57046     16
4455      16
12215     16
31615     16
1321      16
27175     16
17120     16
7251      16
13600     16
75400     16
32260     16
60135     16
23059     16
89280     16
8431      16
5021      16
8081      16
13485     16
7080      16
3317      16
23095     16
7135      16
89700     16
65054     16
29560     16
8142      16
7793      16
17700     16
78360     16
88301     16
12080     16
21320     16
12248     16
13203     16
21311     16
23017     16
6711      16
80540     16
85010     16
13082     16
88032     16
44001     16
45820     16
11500     16
93260     16
8275      16
64002     16
6826      16
31525     16
14160     16
8030      16
18050     16
75901     16
90480     16
7240      16
38840     16
23080     16
20091     16
40080     16
18077     16
20071     16
87005     16
2927      16
4552      16
22735     16
78556     16
8450      16
6515      16
18020     16
14783     16
13472     16
9951      16
4719      16
1532      16
30660     16
6233      16
30494     16
35702     16
38010     16
32675     16
12061     16
6766      16
78048     16
6182      16
24936     16
88390     16
13565     16
13490     16
11950     16
25665     16
12328     16
98300     16
35179     16
7151      16
4080      16
1508      16
87023     16
25070     16
5468      16
30730     16
4863      16
37558     16
95320     16
8121      16
59151     16
84010     16
91920     16
36970     16
12227     16
80220     16
4041      16
31070     16
12239     16
13632     16
6447      16
97502     16
38770     16
13304     16
13470     16
38182     16
6550      16
4726      16
4002      16
91530     16
6716      16
36026     16
6753      16
27273     16
5641      16
60192     16
19880     16
82200     16
79051     16
13172     16
37570     16
6775      16
95084     16
88135     16
13630     16
28570     16
23066     16
1317      16
36021     16
12031     16
6036      16
29345     16
13310     16
95880     16
78700     16
13020     16
74650     16
13023     16
88111     16
29161     16
86047     16
6341      16
28633     16
13220     16
6816      16
81560     15
5713      15
4548      15
32140     15
12240     15
30830     15
8340      15
48700     15
16204     15
36205     15
1310      15
36680     15
14051     15
1227      15
16403     15
9061      15
20011     15
83880     15
9361      15
5577      15
14405     15
64053     15
91550     15
38413     15
22460     15
14015     15
13274     15
79500     15
91740     15
4052      15
89580     15
7152      15
6656      15
91150     15
26087     15
11930     15
38280     15
18610     15
90540     15
13170     15
14784     15
8452      15
17013     15
8599      15
28200     15
12070     15
89190     15
37502     15
29375     15
4130      15
15950     15
22785     15
67200     15
11533     15
76200     15
12040     15
27323     15
6814      15
3820      15
30110     15
9854      15
19800     15
18035     15
92200     15
25720     15
90460     15
4929      15
60165     15
1422      15
4005      15
8750      15
12515     15
9520      15
11085     15
12216     15
31210     15
24900     15
38180     15
29900     15
9015      15
5011      15
18271     15
12530     15
5754      15
28230     15
13564     15
9761      15
4038      15
97060     15
60743     15
85900     15
96600     15
2422      15
37660     15
83408     15
13322     15
25515     15
12951     15
29047     15
29146     15
22245     15
25510     15
18400     15
92990     15
88400     15
21910     15
38702     15
37002     15
70658     15
9172      15
71937     15
31540     15
25520     15
5018      15
35920     15
12301     15
45600     15
97800     15
6705      15
82510     15
91360     15
52050     15
4890      15
13456     15
58030     15
25935     15
70686     15
88310     15
31150     15
17890     15
29645     15
72115     15
95032     15
4855      15
29171     15
5412      15
18016     15
29700     15
22241     15
17250     15
83900     15
35240     15
32013     15
89202     15
88215     15
25953     15
35661     15
35560     15
12312     15
74230     15
30510     15
1240      15
70687     15
28380     15
18045     15
20081     15
29070     15
9120      15
12324     15
13224     15
16900     15
9812      15
9852      15
8040      15
85801     15
96085     15
27940     15
9810      15
18030     15
1409      15
84020     15
20941     15
18072     15
83750     15
30626     15
95600     15
81630     15
90110     15
45605     15
15503     15
15500     15
11443     15
5528      14
28010     14
95770     14
3127      14
35171     14
97590     14
92320     14
13610     14
14270     14
4001      14
6455      14
28250     14
8080      14
18110     14
39900     14
14530     14
72210     14
21550     14
27213     14
59152     14
90440     14
31015     14
13604     14
91510     14
18040     14
60822     14
8461      14
6404      14
25620     14
14840     14
4321      14
95300     14
38740     14
29230     14
41745     14
20730     14
12308     14
5625      14
75860     14
81070     14
31710     14
13563     14
36820     14
18046     14
98400     14
6693      14
89400     14
89620     14
4134      14
13568     14
12247     14
1525      14
13031     14
31920     14
5143      14
24710     14
89130     14
8120      14
96170     14
85819     14
1454      14
12221     14
9930      14
3088      14
30270     14
39440     14
91900     14
89160     14
6440      14
49160     14
4310      14
65070     14
81280     14
25035     14
4542      14
50740     14
93800     14
37706     14
29092     14
38050     14
18076     14
26020     14
18108     14
8810      14
37464     14
80630     14
78068     14
4904      14
30850     14
8320      14
7713      14
27920     14
18300     14
32185     14
27925     14
29172     14
14811     14
35740     14
76420     14
81020     14
1226      14
77006     14
1238      14
4530      14
89253     14
23535     14
5414      14
6422      14
6852      14
95890     14
78280     14
7175      14
90650     14
8090      14
85807     14
8696      14
58037     14
65110     14
89237     14
87083     14
88790     14
73105     14
71917     14
29100     14
35057     14
38660     14
11660     14
75650     14
27197     14
69900     14
6462      14
7790      14
4911      14
13930     14
28613     14
14093     14
1453      14
4044      14
13036     14
97501     14
12010     14
2993      14
4841      14
6083      14
28660     14
5020      14
13880     14
4515      14
21061     14
29780     14
35931     14
82810     14
29950     14
8060      14
7132      14
4602      14
9341      14
71936     14
1410      14
2013      14
72250     14
7091      14
4042      14
28027     14
15046     14
34012     14
41650     14
49025     14
23580     14
6416      14
19200     14
36302     14
8230      14
28013     14
73252     14
17047     14
8140      14
32341     14
88801     14
79560     14
5051      14
6162      14
6810      14
37130     14
11920     14
8775      13
13321     13
89260     13
7243      13
52070     13
13270     13
18160     13
23860     13
9960      13
20240     13
28495     13
87030     13
86600     13
6624      13
93900     13
97110     13
7072      13
87900     13
26013     13
89227     13
26210     13
12945     13
15700     13
32115     13
8451      13
69918     13
81270     13
87043     13
86055     13
88060     13
20910     13
88850     13
28640     13
47640     13
39205     13
75780     13
23071     13
28735     13
16800     13
7023      13
1452      13
25250     13
6850      13
37552     13
24435     13
6045      13
13343     13
29065     13
6385      13
18125     13
36201     13
9181      13
61760     13
40255     13
4078      13
13846     13
45200     13
9170      13
13690     13
11713     13
89012     13
13216     13
1303      13
21921     13
88160     13
49035     13
85605     13
8588      13
29215     13
35550     13
30112     13
4849      13
23073     13
13974     13
72130     13
40290     13
23063     13
17516     13
76550     13
14180     13
79150     13
6018      13
14700     13
5036      13
4216      13
13455     13
13165     13
7025      13
31365     13
23035     13
24416     13
23055     13
78065     13
82410     13
4104      13
35681     13
38480     13
2310      13
96202     13
1232      13
78550     13
32015     13
8255      13
4018      13
85415     13
6542      13
14815     13
8771      13
6813      13
1313      13
29705     13
8674      13
7081      13
5724      13
98005     13
25060     13
9581      13
12211     13
65076     13
8577      13
84130     13
16050     13
6170      13
36120     13
18074     13
1257      13
21350     13
4433      13
36083     13
13347     13
18285     13
30870     13
12954     13
4523      13
7745      13
91250     13
48120     13
38706     13
26010     13
90840     13
4278      13
39550     13
12903     13
18080     13
18230     13
5634      13
89140     13
14027     13
71931     13
6230      13
32672     13
49095     13
23088     13
19026     13
72005     13
14177     13
26950     13
28022     13
91410     13
37120     13
32050     13
26220     13
13426     13
28880     13
41740     13
36036     13
86800     13
86360     13
1315      13
76804     13
80010     13
2242      13
39390     13
14680     13
12090     13
8295      13
17022     13
5007      13
20751     13
19907     13
14806     13
90870     13
13271     13
6783      13
79010     13
49032     13
13320     13
99070     13
8161      13
2415      13
58052     13
72876     13
4135      13
31744     13
13567     13
12226     13
9851      13
19780     13
73015     13
41213     13
13574     13
6715      13
8041      13
88338     13
27930     13
31360     13
5791      13
28907     13
13173     13
96820     13
8430      13
5616      13
89270     13
32400     13
32676     13
96180     13
3132      13
26130     13
82600     13
89221     13
14150     13
13057     13
6694      13
14080     13
81830     13
95760     13
20021     13
21555     13
88302     13
27916     13
95625     13
84015     13
9715      13
21765     13
52020     13
21211     13
20770     13
12224     13
9110      13
9171      13
28740     13
32071     13
13700     13
3694      13
90150     13
4349      13
15056     13
29162     13
38190     13
20740     13
18052     13
5006      13
49020     13
6273      13
89295     13
29200     13
44900     13
13425     13
12320     13
31255     13
31340     13
18060     13
42800     12
14026     12
4105      12
8743      12
12929     12
5590      12
4679      12
17602     12
3563      12
78580     12
20250     12
13520     12
12900     12
87025     12
1527      12
4003      12
31555     12
29903     12
68371     12
16010     12
8576      12
9551      12
36080     12
4717      12
6140      12
6056      12
28943     12
21810     12
28051     12
23090     12
36047     12
12995     12
1526      12
13840     12
71907     12
41630     12
6283      12
2443      12
35720     12
7031      12
70390     12
12412     12
6420      12
4563      12
8051      12
3227      12
32210     12
88140     12
9050      12
79052     12
24808     12
87302     12
80740     12
98910     12
5778      12
87015     12
18970     12
17780     12
91030     12
90560     12
4857      12
14406     12
18275     12
8220      12
30880     12
4272      12
5187      12
9132      12
5857      12
28897     12
6709      12
62930     12
21930     12
30692     12
15040     12
9853      12
65085     12
17050     12
3080      12
15501     12
5787      12
13502     12
6703      12
9931      12
18270     12
17210     12
75200     12
14706     12
21620     12
29901     12
13501     12
27943     12
24346     12
97105     12
88113     12
25680     12
24800     12
58900     12
6030      12
5783      12
89230     12
26215     12
80430     12
1309      12
5508      12
23078     12
85935     12
7131      12
7115      12
36889     12
1231      12
86200     12
65760     12
83025     12
4447      12
7174      12
88075     12
6537      12
85851     12
79550     12
7145      12
13171     12
7230      12
56280     12
92120     12
52060     12
90030     12
7032      12
6253      12
88354     12
18185     12
79041     12
2404      12
82840     12
25946     12
75110     12
35620     12
28605     12
15091     12
4843      12
66087     12
16052     12
3817      12
30120     12
1416      12
21710     12
50050     12
19911     12
5861      12
8180      12
23595     12
4438      12
8031      12
11380     12
29045     12
74815     12
66035     12
50610     12
37795     12
90660     12
36307     12
65072     12
27542     12
83322     12
13469     12
13611     12
6333      12
3275      12
13510     12
2518      12
89896     12
45836     12
57052     12
88130     12
11706     12
35860     12
15505     12
68900     12
18115     12
52051     12
7270      12
8572      12
23030     12
79004     12
4883      12
27260     12
76980     12
88353     12
96230     12
3211      12
13451     12
36301     12
1544      12
12060     12
60175     12
21361     12
13453     12
1329      12
12020     12
2021      12
26700     12
15800     12
1529      12
3320      12
7196      12
4836      12
12223     12
17380     12
15997     12
65055     12
19280     12
7134      12
4087      12
25780     12
16600     12
3470      12
7417      12
77015     12
35350     12
1228      12
1420      12
48280     12
5847      12
90250     12
3181      12
13457     12
87303     12
36884     12
12916     12
40415     12
19015     12
93220     12
26290     12
4014      12
95270     12
8665      12
4213      12
60120     12
90850     12
12228     12
5372      12
15880     12
29143     12
6266      12
89218     12
13311     12
27274     12
13631     12
39300     12
12071     12
81510     12
13603     12
4475      12
13283     12
58051     12
85802     12
13277     12
78740     12
90810     12
32604     12
18480     12
4562      12
96201     12
23093     12
90550     12
5185      12
6756      12
39804     12
25931     12
17290     12
89210     12
38184     12
95630     12
8410      12
23914     12
7160      12
5435      12
60115     12
64078     12
3570      12
15200     12
8110      12
17011     12
6890      12
13760     12
6665      12
86430     12
66083     12
95110     11
3733      11
36780     11
91340     11
79130     11
15054     11
7191      11
27915     11
18112     11
4190      11
89694     11
6286      11
9250      11
89245     11
4704      11
8072      11
48903     11
9531      11
18190     11
2410      11
13346     11
3254      11
4809      11
31748     11
6381      11
37137     11
13871     11
12946     11
29104     11
21715     11
30644     11
27937     11
54410     11
2033      11
44053     11
6126      11
89251     11
74370     11
41770     11
83060     11
2420      11
5882      11
35290     11
5267      11
89650     11
14930     11
6787      11
36060     11
29303     11
68440     11
81210     11
41701     11
96508     11
6186      11
87360     11
13562     11
40170     11
21760     11
6473      11
62500     11
37170     11
13411     11
32110     11
39803     11
78075     11
89805     11
96030     11
29182     11
1327      11
23032     11
64052     11
6653      11
4538      11
79400     11
4012      11
5586      11
87704     11
21625     11
13900     11
88535     11
5009      11
27330     11
16013     11
79040     11
18010     11
76450     11
81460     11
4476      11
52061     11
3066      11
36087     11
29600     11
86063     11
4209      11
71725     11
36046     11
71926     11
33030     11
80210     11
35590     11
15801     11
30210     11
17300     11
5881      11
98803     11
38360     11
32285     11
8737      11
31990     11
15685     11
86380     11
4716      11
49048     11
28623     11
26545     11
24422     11
32315     11
31230     11
45654     11
1421      11
13174     11
7033      11
91750     11
88705     11
13904     11
29306     11
20931     11
30493     11
4364      11
9510      11
81030     11
6268      11
21853     11
77001     11
14807     11
5630      11
2842      11
36280     11
8735      11
23013     11
4823      11
91040     11
16201     11
8900      11
96270     11
23545     11
77020     11
29118     11
37901     11
40301     11
55660     11
14096     11
64018     11
29108     11
95960     11
88704     11
28110     11
5323      11
88380     11
20710     11
34400     11
66063     11
13802     11
95840     11
1504      11
80045     11
5640      11
6820      11
15170     11
1404      11
22776     11
28695     11
83045     11
29141     11
7172      11
49400     11
31275     11
13289     11
94930     11
79750     11
92025     11
12609     11
58039     11
11712     11
92030     11
13601     11
32900     11
29308     11
6080      11
14010     11
32240     11
3585      11
12919     11
40279     11
6190      11
37501     11
60150     11
44571     11
12947     11
18720     11
89035     11
60125     11
11725     11
41600     11
38307     11
16920     11
89802     11
98780     11
85550     11
5013      11
15055     11
81730     11
5374      11
18133     11
74610     11
23010     11
37014     11
38742     11
24355     11
7193      11
85903     11
98600     11
39260     11
49050     11
88960     11
7272      11
88802     11
88103     11
2721      11
65700     11
4146      11
1308      11
6213      11
39960     11
6807      11
9892      11
11520     11
9020      11
5014      11
6780      11
7095      11
5716      11
91120     11
57036     11
6528      11
89803     11
5056      11
71939     11
25525     11
74922     11
35950     11
3685      11
31730     11
72135     11
21820     11
72445     11
7178      11
13390     11
12941     11
24450     11
8390      11
89990     11
8676      11
82220     11
4583      11
16020     11
2925      11
85570     11
9961      11
1548      11
91230     11
4520      11
70660     11
84900     11
4777      11
23042     11
9380      11
8610      11
8725      11
17501     11
8745      11
36212     11
3077      11
19013     11
4829      11
80410     11
9570      11
79170     11
1223      11
60455     11
25550     11
95860     11
5181      11
35640     11
21351     11
71909     11
4842      11
39200     11
4022      11
5767      11
31535     11
19900     11
92420     11
88050     11
73813     11
35182     10
74310     10
88104     10
83085     10
5890      10
83709     10
5565      10
4710      10
4960      10
88840     10
66050     10
32070     10
95095     10
14850     10
79904     10
27351     10
71505     10
27913     10
21616     10
2846      10
89825     10
25650     10
3122      10
8235      10
4617      10
30881     10
6824      10
3805      10
23810     10
26022     10
23058     10
13635     10
25585     10
13515     10
29046     10
30290     10
18135     10
6786      10
88056     10
18890     10
21740     10
89220     10
88501     10
12286     10
6535      10
6768      10
95705     10
5868      10
46880     10
4833      10
30810     10
35901     10
8675      10
34003     10
3313      10
6622      10
15840     10
88503     10
78643     10
27521     10
89225     10
44790     10
21830     10
32041     10
2318      10
78640     10
13013     10
83602     10
29103     10
38051     10
23085     10
6310      10
88047     10
83430     10
4037      10
4459      10
86040     10
14200     10
12608     10
31930     10
12062     10
1239      10
2461      10
2615      10
29122     10
4115      10
7141      10
39802     10
71691     10
38140     10
5849      10
36070     10
26261     10
93265     10
5705      10
3590      10
5405      10
78690     10
13860     10
89037     10
4827      10
88508     10
28026     10
4305      10
32606     10
15150     10
72145     10
20756     10
94010     10
72860     10
6184      10
82530     10
14407     10
49045     10
5335      10
4821      10
5271      10
23570     10
11095     10
24756     10
4317      10
26285     10
23036     10
4186      10
18147     10
88133     10
5344      10
9668      10
4616      10
29800     10
86390     10
37460     10
4296      10
47802     10
26030     10
2441      10
31050     10
96040     10
45653     10
90880     10
12422     10
45816     10
75640     10
97070     10
8010      10
12260     10
23065     10
3322      10
72260     10
89874     10
4330      10
74255     10
63660     10
6070      10
42807     10
1411      10
83206     10
29890     10
78045     10
2712      10
4852      10
27345     10
13890     10
15850     10
65077     10
83820     10
48410     10
98870     10
3136      10
37280     10
76801     10
86015     10
71927     10
1316      10
55500     10
88803     10
71906     10
4421      10
4269      10
95720     10
3210      10
83370     10
35040     10
6317      10
12600     10
18134     10
13333     10
18683     10
26551     10
44200     10
3977      10
13069     10
4880      10
37110     10
38270     10
76803     10
92330     10
29043     10
28911     10
35200     10
5136      10
18290     10
6453      10
71919     10
97542     10
6050      10
15470     10
89812     10
13313     10
25750     10
11451     10
15806     10
18706     10
13332     10
1323      10
4138      10
59082     10
5544      10
18081     10
71805     10
1243      10
5588      10
8970      10
5438      10
3816      10
35230     10
11431     10
18730     10
1511      10
13221     10
6449      10
21750     10
28637     10
89665     10
25040     10
4942      10
8542      10
88305     10
50070     10
6210      10
93022     10
5019      10
71918     10
14701     10
8820      10
93180     10
15035     10
38061     10
4902      10
85902     10
11800     10
37466     10
95703     10
5777      10
4550      10
41490     10
3134      10
17470     10
80040     10
56460     10
11446     10
71916     10
28015     10
6435      10
4362      10
31680     10
28610     10
89204     10
88053     10
86802     10
15350     10
82620     10
2460      10
45990     10
6544      10
30672     10
81710     10
5547      10
59020     10
71929     10
78840     10
1405      10
88340     10
95940     10
3929      10
27258     10
86160     10
11390     10
18870     10
5684      10
3729      10
11355     10
12050     10
21540     10
87502     10
6472      10
18700     10
8664      10
18103     10
7252      10
74620     10
49500     10
3185      10
18681     10
13487     10
30530     10
63260     10
60170     10
2407      10
85950     10
29650     10
12287     10
29135     10
3286      10
8111      10
81650     10
17600     10
13770     10
14640     10
21041     10
24436     10
13380     10
3728      10
82015     10
25651     10
75803     10
18570     10
29400     10
59054     10
48110     10
95690     10
6655      10
29066     10
58200     10
13844     10
88509     10
98130     10
46400     10
36035     10
75600     10
74367     10
13408     10
85877     10
7097      10
37490     10
9403      10
66053     10
45656     10
77600     10
80440     10
9912      10
26535     10
35557     10
38060     10
5665      10
4941      10
4111      10
81870     10
6361      10
17519     10
97541     10
14340     10
13254     10
31842     10
88048     10
37553     10
4125      10
67130     10
86080     10
88240     10
27966     10
8460      10
7716      10
3040      10
28630     10
9855      10
1221      10
92412     10
5319      10
4560      10
21832     10
8940      10
5763      10
24751     10
40800     10
4152      10
85856     10
19906     10
14781     10
19570     10
75903     10
4128      10
22291     10
14887     10
7179      10
81170     10
7024      10
91050     10
59300     10
6785      10
31950     10
5717      10
91110     10
31550     10
24344     10
13460     10
13474     10
25555     10
96450     10
4612      10
9071      10
5842      10
57010     10
17560     10
12410     10
36030     10
4763      10
76811     10
19806     10
5844      10
1151       9
89254      9
18682      9
75388      9
29307      9
71928      9
9862       9
70750      9
3951       9
54430      9
29395      9
79823      9
4845       9
2802       9
26115      9
35774      9
38950      9
78015      9
24722      9
24060      9
2082       9
97030      9
7143       9
16202      9
27251      9
1455       9
17209      9
18070      9
88045      9
21240      9
2452       9
32145      9
15010      9
13063      9
91751      9
29305      9
13845      9
91160      9
20020      9
15460      9
17490      9
62320      9
34000      9
3319       9
32143      9
20920      9
82540      9
6311       9
1154       9
8694       9
56330      9
15070      9
11665      9
16210      9
86840      9
37150      9
17020      9
5379       9
5012       9
12926      9
49010      9
29170      9
29112      9
25065      9
3984       9
44085      9
14240      9
1407       9
73770      9
4559       9
46500      9
5027       9
25955      9
48890      9
8141       9
26041      9
13650      9
14022      9
84172      9
83321      9
25901      9
1401       9
37968      9
33943      9
83702      9
5138       9
12908      9
25660      9
48005      9
13950      9
39280      9
6412       9
64056      9
31840      9
60130      9
31870      9
6053       9
5858       9
2185       9
91240      9
89036      9
23097      9
38747      9
79112      9
6325       9
84990      9
55540      9
58013      9
9842       9
5773       9
88708      9
26011      9
89809      9
38181      9
6028       9
72316      9
19820      9
21032      9
98590      9
5010       9
29151      9
39330      9
85760      9
1552       9
8475       9
54330      9
3343       9
3344       9
7776       9
5761       9
93410      9
17054      9
13335      9
13807      9
2845       9
7194       9
28080      9
54768      9
95180      9
4004       9
12912      9
9896       9
91210      9
4750       9
89275      9
29140      9
4917       9
29260      9
7133       9
16021      9
62900      9
66613      9
12231      9
1520       9
60711      9
30550      9
37810      9
79032      9
27253      9
4127       9
83323      9
44572      9
4854       9
87970      9
31573      9
18708      9
13250      9
15502      9
68503      9
74835      9
6865       9
4576       9
5617       9
2306       9
85540      9
14955      9
33805      9
13067      9
62940      9
74075      9
12229      9
4055       9
12917      9
3407       9
3508       9
34007      9
47600      9
82400      9
89208      9
65415      9
5570       9
68600      9
69054      9
4937       9
63700      9
93600      9
99950      9
89065      9
65074      9
2430       9
86081      9
25212      9
5428       9
25615      9
5075       9
13471      9
78058      9
23895      9
22715      9
37250      9
13976      9
88600      9
23094      9
21842      9
4126       9
21775      9
6322       9
5642       9
6463       9
36930      9
91755      9
74663      9
72006      9
8250       9
40155      9
88309      9
21360      9
4510       9
3058       9
90230      9
83221      9
2516       9
4660       9
6660       9
5885       9
15290      9
82320      9
13424      9
19053      9
5353       9
20725      9
15030      9
45445      9
22421      9
5877       9
97573      9
18044      9
97650      9
4830       9
68537      9
41620      9
83501      9
24933      9
19274      9
83324      9
25926      9
18015      9
24330      9
36774      9
18680      9
9400       9
14871      9
87140      9
7054       9
6702       9
5186       9
7120       9
4211       9
29056      9
96740      9
26012      9
17018      9
90680      9
37508      9
38160      9
4709       9
5047       9
3732       9
88311      9
69915      9
41905      9
19807      9
15105      9
21070      9
23953      9
3110       9
6328       9
37650      9
36790      9
35670      9
23894      9
21815      9
50761      9
3513       9
5411       9
30750      9
68638      9
6362       9
94150      9
88308      9
31250      9
39660      9
18095      9
13252      9
7113       9
4088       9
4142       9
4945       9
29313      9
66610      9
2618       9
15991      9
25015      9
89249      9
12943      9
88331      9
24931      9
29194      9
28994      9
13338      9
37062      9
3131       9
55200      9
72460      9
13105      9
21040      9
89870      9
17526      9
25255      9
14057      9
93025      9
13300      9
6243       9
58045      9
88137      9
24744      9
13236      9
49200      9
36204      9
95190      9
53150      9
85640      9
45658      9
7114       9
28620      9
59056      9
41150      9
12620      9
18132      9
2403       9
5202       9
5887       9
75920      9
59086      9
84940      9
25685      9
39820      9
4207       9
3191       9
27510      9
13081      9
29149      9
4634       9
31980      9
12307      9
25240      9
73801      9
88210      9
11441      9
6774       9
32415      9
29156      9
49030      9
2111       9
89610      9
23540      9
34710      9
66070      9
28910      9
1153       9
98900      9
7084       9
89107      9
37890      9
3087       9
5422       9
7051       9
12380      9
75113      9
55016      9
13097      9
3041       9
83280      9
3111       9
8191       9
8587       9
3821       9
5425       9
94950      9
5469       9
27946      9
22773      9
6112       9
26310      9
88804      9
83701      9
81820      9
85892      9
71920      9
6704       9
72405      9
27250      9
21371      9
4856       9
38705      9
1534       9
4288       9
83075      9
29702      9
44088      9
87111      9
78250      9
5594       9
11442      9
36640      9
13972      9
77023      9
41195      9
7085       9
4707       9
20765      9
54440      9
38175      9
21340      9
87060      9
4805       9
90630      9
2977       9
72241      9
26277      9
12209      9
5015       9
21911      9
45208      9
60160      9
29703      9
1312       9
13034      9
32040      9
37260      9
5382       9
81900      9
90570      9
4715       9
88102      9
18608      9
5133       9
5639       9
16015      9
7121       9
29153      9
4812       9
48905      9
13187      9
86084      9
14770      9
55900      9
3361       9
19050      9
26263      9
48730      9
99250      9
4122       9
59900      9
39600      9
64600      9
3734       9
89219      9
2722       9
6321       9
81530      9
37557      9
11790      9
30775      9
29177      9
45655      9
6530       9
12309      9
72270      8
2075       8
37720      8
2209       8
6382       8
9784       8
68908      8
75570      8
13053      8
78325      8
27265      8
3579       8
5894       8
5596       8
60055      8
72620      8
4401       8
4182       8
88372      8
34004      8
82310      8
12604      8
26265      8
31872      8
91370      8
95170      8
12281      8
38442      8
23906      8
48967      8
45570      8
2616       8
30690      8
8536       8
1131       8
74936      8
16430      8
3165       8
7807       8
49015      8
26052      8
4040       8
53130      8
13032      8
88502      8
2440       8
83255      8
60420      8
20755      8
3164       8
74885      8
77022      8
4024       8
89110      8
3153       8
7787       8
26383      8
12285      8
44024      8
28085      8
6132       8
76170      8
4324       8
3461       8
95585      8
2636       8
8584       8
4086       8
30516      8
4039       8
5026       8
91430      8
29850      8
70650      8
3573       8
28750      8
70773      8
8557       8
3648       8
15190      8
28430      8
29730      8
5363       8
63430      8
75523      8
4565       8
12234      8
4323       8
7210       8
13284      8
66813      8
64048      8
4344       8
7070       8
37757      8
88880      8
53370      8
2859       8
70737      8
29144      8
74280      8
23898      8
6149       8
23530      8
28915      8
6602       8
45530      8
3288       8
81150      8
7060       8
7150       8
79005      8
1408       8
13590      8
8485       8
4618       8
7022       8
33350      8
38170      8
96610      8
76100      8
2035       8
5633       8
40730      8
24421      8
39670      8
5172       8
8151       8
95080      8
12400      8
92110      8
32678      8
74223      8
5818       8
18079      8
1318       8
75804      8
8470       8
11088      8
4813       8
48030      8
5549       8
38407      8
45000      8
13231      8
25975      8
18207      8
23028      8
44077      8
89235      8
21863      8
2018       8
6773       8
39730      8
88095      8
74915      8
18240      8
57200      8
64800      8
7092       8
83402      8
67030      8
47690      8
17515      8
51160      8
6086       8
60410      8
38810      8
27130      8
87014      8
1202       8
20531      8
28621      8
45201      8
75813      8
18609      8
1233       8
3568       8
7093       8
29105      8
85906      8
56200      8
13051      8
37480      8
76600      8
57017      8
6411       8
13730      8
3067       8
95012      8
79950      8
57025      8
9601       8
27277      8
24456      8
48605      8
87053      8
64006      8
12906      8
19023      8
36051      8
81490      8
74843      8
99025      8
26540      8
60840      8
23033      8
86900      8
6606       8
27275      8
30855      8
6065       8
78049      8
7171       8
39935      8
11430      8
8690       8
2372       8
40310      8
59380      8
89370      8
33913      8
12910      8
95599      8
57265      8
85867      8
31640      8
2470       8
73850      8
4822       8
65045      8
58410      8
18705      8
6755       8
35030      8
21866      8
13344      8
5054       8
23062      8
2995       8
8526       8
11722      8
32017      8
8630       8
70790      8
2316       8
88064      8
27923      8
17065      8
2323       8
70734      8
14580      8
27935      8
4696       8
88350      8
51170      8
90690      8
4013       8
21381      8
9841       8
4368       8
37476      8
26530      8
18701      8
19500      8
5752       8
38301      8
23510      8
81010      8
3152       8
87310      8
87504      8
5037       8
18116      8
5729       8
75370      8
4753       8
14808      8
3589       8
86037      8
13043      8
12053      8
4840       8
23064      8
36013      8
21012      8
18600      8
4444       8
12712      8
28390      8
69037      8
85170      8
66620      8
8560       8
12238      8
24412      8
63500      8
40720      8
18021      8
5540       8
13973      8
32223      8
3378       8
37310      8
32671      8
36730      8
2542       8
87600      8
72120      8
13179      8
13329      8
11340      8
58036      8
20050      8
31814      8
2017       8
7182       8
7040       8
85460      8
1220       8
2401       8
30668      8
5797       8
88066      8
19813      8
14031      8
68380      8
36955      8
24711      8
5790       8
24415      8
4458       8
13423      8
41635      8
75828      8
82800      8
89340      8
11010      8
4619       8
84070      8
96506      8
4346       8
4835       8
81520      8
4546       8
2053       8
3928       8
2408       8
3735       8
74453      8
83215      8
70800      8
21675      8
74330      8
60762      8
33125      8
81570      8
36773      8
26276      8
4521       8
76970      8
19025      8
2671       8
91570      8
99040      8
4089       8
27524      8
65400      8
59090      8
78500      8
29785      8
12092      8
94910      8
27338      8
79060      8
6226       8
24743      8
35770      8
77500      8
13318      8
16500      8
72007      8
24452      8
3318       8
36081      8
15410      8
81580      8
62580      8
8344       8
14079      8
14098      8
15808      8
65057      8
34018      8
42804      8
13100      8
27321      8
11370      8
12914      8
50020      8
27211      8
5060       8
94475      8
66635      8
21745      8
5711       8
5386       8
36045      8
83604      8
78365      8
6216       8
26286      8
89287      8
6604       8
5856       8
59064      8
18061      8
19840      8
65036      8
81230      8
4831       8
3978       8
5338       8
60712      8
29725      8
81220      8
64001      8
32920      8
35181      8
97574      8
8552       8
2751       8
95588      8
35198      8
77824      8
3121       8
5161       8
13970      8
74215      8
88345      8
22611      8
2883       8
90200      8
27123      8
15041      8
59507      8
84350      8
72235      8
36815      8
3325       8
5030       8
11661      8
12950      8
6725       8
62400      8
56308      8
74890      8
15804      8
14402      8
97035      8
24455      8
4635       8
20911      8
7400       8
14920      8
49037      8
38020      8
74475      8
6413       8
71900      8
6815       8
25213      8
40375      8
12052      8
34515      8
29680      8
14065      8
75701      8
97045      8
26562      8
96090      8
5663       8
84430      8
72231      8
56800      8
2226       8
76510      8
36300      8
40270      8
87340      8
4734       8
25020      8
7402       8
8190       8
73350      8
3186       8
38017      8
16025      8
3169       8
55014      8
18406      8
24310      8
32641      8
45604      8
83035      8
93548      8
12605      8
68901      8
82940      8
9175       8
87300      8
5574       8
60325      8
16203      8
37443      8
3081       8
40100      8
33120      8
69901      8
12042      8
14092      8
99900      8
36213      8
8580       8
34300      8
81910      8
23068      8
7950       8
27285      8
58701      8
79290      8
12043      8
42738      8
38680      8
41180      8
7273       8
96080      8
50721      8
13801      8
30642      8
13148      8
30390      8
5853       8
2730       8
8583       8
3333       8
48790      8
19905      8
81920      8
4131       8
37504      8
88870      8
65901      8
74840      8
64235      8
6293       8
11990      8
13458      8
19160      8
28906      8
6727       8
13065      8
17730      8
49027      8
93115      8
33170      8
65081      8
54450      8
33930      8
95150      8
88107      8
3654       8
41260      8
17055      8
12212      8
3502       8
6434       8
58035      8
44600      8
8738       8
7231       8
18031      8
72420      8
29980      8
40110      8
26183      8
19815      8
13205      8
5397       8
19060      8
4166       8
15820      8
4176       8
78030      8
9721       8
4431       8
48400      8
96300      8
17030      8
16880      8
11347      7
88348      7
96215      7
15050      7
38415      7
55700      7
21010      7
2230       7
88351      7
14170      7
17208      7
52120      7
84025      7
24750      7
1536       7
6114       7
89150      7
4649       7
12081      7
95097      7
76105      7
4297       7
84061      7
29026      7
5108       7
29240      7
21660      7
18111      7
6708       7
41940      7
36600      7
18143      7
3547       7
9619       7
26015      7
12721      7
89228      7
29124      7
4652       7
8285       7
41502      7
73330      7
66640      7
1301       7
5005       7
12490      7
85506      7
38025      7
7063       7
37545      7
5043       7
81925      7
4076       7
4434       7
48900      7
25870      7
18950      7
4084       7
3660       7
75908      7
4430       7
8663       7
68455      7
83331      7
17014      7
2975       7
96225      7
7858       7
5434       7
93037      7
23525      7
28920      7
31985      7
23870      7
13141      7
20080      7
75840      7
79020      7
13260      7
30280      7
8840       7
24901      7
5542       7
36085      7
89136      7
8130       7
3162       7
2244       7
79570      7
1516       7
4177       7
83823      7
89255      7
73255      7
4301       7
20010      7
24425      7
85015      7
13157      7
24461      7
12701      7
96075      7
76350      7
3460       7
4741       7
9891       7
3408       7
13387      7
76680      7
32183      7
82630      7
74275      7
15807      7
21831      7
27335      7
93224      7
28040      7
31995      7
94850      7
2122       7
89050      7
85505      7
4107       7
3337       7
29010      7
11717      7
36772      7
6263       7
2223       7
99400      7
4735       7
8740       7
74180      7
60750      7
86730      7
8574       7
62270      7
21510      7
2273       7
99260      7
3203       7
4165       7
8311       7
5445       7
4235       7
12517      7
5050       7
78552      7
23057      7
14210      7
18440      7
4337       7
8616       7
27120      7
91790      7
87400      7
24460      7
12960      7
71692      7
4685       7
45065      7
76821      7
32310      7
35184      7
6033       7
18605      7
17506      7
45960      7
4348       7
11677      7
38057      7
6784       7
78310      7
62010      7
4293       7
89114      7
98960      7
89217      7
39705      7
60541      7
52091      7
41290      7
8744       7
44470      7
5815       7
96418      7
5038       7
5572       7
36160      7
58428      7
8562       7
6410       7
23061      7
7181       7
1035       7
89980      7
19063      7
14070      7
78525      7
66825      7
45051      7
14540      7
66820      7
92440      7
4185       7
2245       7
6634       7
40265      7
86088      7
6192       7
45930      7
77900      7
25640      7
55330      7
3282       7
8011       7
55400      7
81450      7
15803      7
68040      7
95059      7
3120       7
3057       7
4366       7
12310      7
17505      7
18119      7
88352      7
18086      7
13222      7
87301      7
86801      7
78055      7
17513      7
55385      7
4043       7
7985       7
24914      7
17026      7
64770      7
1050       7
15750      7
65950      7
4581       7
4008       7
17201      7
29176      7
4517       7
31970      7
7903       7
30555      7
42600      7
50720      7
13177      7
2462       7
17520      7
71881      7
40283      7
66075      7
29902      7
88161      7
6843       7
46800      7
88115      7
81935      7
64009      7
20210      7
17052      7
3336       7
31578      7
84030      7
25845      7
85615      7
76410      7
4331       7
26385      7
3687       7
72255      7
7162       7
58043      7
27320      7
25954      7
18702      7
15704      7
63560      7
86046      7
57045      7
9406       7
18208      7
95034      7
85840      7
29845      7
4285       7
27570      7
28024      7
28899      7
12703      7
2962       7
56310      7
88523      7
65907      7
16402      7
79070      7
13104      7
35610      7
4204       7
28635      7
44850      7
23047      7
6329       7
75905      7
15045      7
1048       7
62600      7
80520      7
5074       7
6720       7
27350      7
55293      7
35325      7
23031      7
82930      7
4746       7
12306      7
85890      7
3335       7
29154      7
13570      7
85980      7
23900      7
9732       7
23026      7
25261      7
1304       7
18611      7
83212      7
79490      7
7074       7
3803       7
17015      7
5396       7
5223       7
13857      7
44054      7
86870      7
13872      7
68540      7
2220       7
32010      7
17051      7
3982       7
4416       7
5404       7
54420      7
45822      7
77300      7
30666      7
39690      7
4112       7
4256       7
8062       7
2991       7
71930      7
16360      7
1333       7
6803       7
6851       7
98802      7
80310      7
91540      7
36770      7
57055      7
67140      7
85869      7
65900      7
32146      7
32371      7
75960      7
38406      7
50860      7
55790      7
13257      7
6246       7
92130      7
4102       7
76700      7
41181      7
28770      7
31080      7
84040      7
65073      7
12502      7
37820      7
32072      7
74690      7
31655      7
86026      7
60040      7
11460      7
3591       7
11628      7
12952      7
83707      7
2060       7
5345       7
65930      7
17021      7
93336      7
4930       7
64023      7
26112      7
81590      7
44075      7
74565      7
36555      7
6726       7
7096       7
81320      7
69301      7
24935      7
2565       7
8331       7
3118       7
27541      7
95580      7
73840      7
59080      7
75240      7
94030      7
88830      7
1135       7
6680       7
3757       7
81330      7
12402      7
86140      7
21231      7
41610      7
37551      7
84240      7
5001       7
21730      7
35545      7
33115      7
32113      7
94820      7
24715      7
38015      7
17510      7
5884       7
25977      7
6657       7
3449       7
41950      7
60320      7
3520       7
13847      7
17060      7
85440      7
88811      7
4026       7
36038      7
4864       7
69919      7
72320      7
36950      7
5024       7
13780      7
88980      7
45650      7
96700      7
5424       7
74730      7
49097      7
4608       7
12091      7
59025      7
2989       7
2276       7
24913      7
84045      7
41927      7
4387       7
72425      7
48490      7
29304      7
40050      7
4016       7
65130      7
75180      7
47810      7
49100      7
6040       7
2046       7
27264      7
54400      7
46650      7
2992       7
3268       7
62200      7
13580      7
2066       7
5525       7
8265       7
50010      7
82960      7
21770      7
15115      7
6010       7
5750       7
7792       7
5624       7
2243       7
7140       7
48609      7
5886       7
12214      7
15090      7
17032      7
19802      7
75907      7
3690       7
70862      7
4711       7
1219       7
4776       7
49480      7
3170       7
98920      7
37140      7
96415      7
7260       7
1242       7
32073      7
5174       7
8683       7
35032      7
13803      7
1512       7
91180      7
40130      7
17230      7
29745      7
7180       7
36031      7
19814      7
97543      7
9913       7
97900      7
2406       7
1009       7
36580      7
15860      7
13736      7
38720      7
12944      7
20960      7
27511      7
9993       7
3651       7
8042       7
14166      7
94945      7
3188       7
4614       7
91710      7
65665      7
17211      7
68903      7
90410      7
13715      7
90610      7
29199      7
78010      7
91010      7
75712      7
99470      7
4191       7
4314       7
32667      7
14805      7
76940      7
29690      7
5784       7
29310      7
6433       7
47520      7
37940      7
2178       7
2131       7
9921       7
3069       7
64260      7
2050       7
59631      7
12305      7
78652      7
1547       7
8370       7
18065      7
48840      7
13876      7
75250      7
8070       7
81690      7
13901      7
38080      7
29210      7
84925      7
8543       7
4025       7
55870      7
76300      7
37400      7
62595      7
4895       7
3312       7
4023       7
29315      7
3380       7
65063      7
40300      7
31510      7
2545       7
18277      7
64280      7
52080      7
18607      7
5346       7
84400      7
3726       7
9182       7
85803      7
4206       7
76330      7
8695       7
79090      7
1201       7
45790      7
5443       7
26250      7
91220      7
9831       7
81770      7
30525      7
92010      7
37530      7
13306      7
79826      7
75460      7
78400      7
2929       7
21870      7
72450      7
1122       7
57038      7
15300      7
5348       7
47300      7
3613       7
44007      7
25045      7
24754      7
14040      7
89135      7
13616      7
4141       7
2735       7
4113       7
4145       7
20750      7
42806      7
5413       7
60833      7
9340       7
12315      7
83325      7
88815      7
2805       7
5567       7
35330      7
64016      7
12210      7
4858       7
18057      7
35490      7
87890      7
66812      7
27210      7
1509       7
16074      7
78025      7
68485      6
60140      6
4938       6
53437      6
95765      6
30664      6
89031      6
97340      6
5451       6
25675      6
76974      6
70770      6
4374       6
5792       6
25645      6
3105       6
71908      6
72300      6
5093       6
3923       6
35935      6
3183       6
76630      6
12503      6
78307      6
28999      6
4342       6
36881      6
2365       6
26083      6
81540      6
88052      6
95050      6
92425      6
24812      6
3429       6
59063      6
13733      6
85139      6
3423       6
2374       6
2804       6
48180      6
29290      6
64020      6
57071      6
25025      6
23515      6
5679       6
38195      6
41230      6
69020      6
85035      6
57084      6
12321      6
6717       6
28053      6
9291       6
2229       6
25922      6
25956      6
8720       6
13402      6
8685       6
1533       6
4729       6
1211       6
64490      6
28055      6
94410      6
9980       6
6458       6
15140      6
26050      6
9405       6
3377       6
9940       6
8554       6
6437       6
23012      6
38444      6
8371       6
1123       6
85685      6
8473       6
13238      6
26165      6
63010      6
94420      6
40230      6
5366       6
32623      6
38070      6
2210       6
15053      6
3877       6
13189      6
39810      6
37031      6
56400      6
19804      6
3980       6
1543       6
27110      6
18047      6
3738       6
82920      6
3801       6
1210       6
14708      6
83601      6
39625      6
13101      6
80215      6
60355      6
26040      6
94155      6
11623      6
39915      6
6142       6
21650      6
5854       6
23025      6
4334       6
4257       6
4376       6
71660      6
18703      6
4718       6
64760      6
36061      6
48904      6
5048       6
68909      6
24457      6
12980      6
79530      6
2562       6
7021       6
5210       6
2043       6
60440      6
6026       6
70855      6
45602      6
98787      6
5407       6
79011      6
5360       6
97065      6
72878      6
3281       6
72872      6
5164       6
5592       6
60050      6
57014      6
81550      6
15895      6
72150      6
63180      6
1302       6
2728       6
2314       6
3195       6
94198      6
82130      6
81610      6
8246       6
4757       6
2919       6
12041      6
9133       6
27936      6
39620      6
90510      6
37478      6
6516       6
29072      6
4121       6
6539       6
6790       6
24723      6
71693      6
2083       6
4896       6
5786       6
75805      6
4739       6
11086      6
5365       6
15570      6
11608      6
99840      6
4437       6
26564      6
26521      6
4633       6
25804      6
26225      6
86604      6
14890      6
84550      6
3150       6
97032      6
21725      6
12710      6
1047       6
24890      6
71940      6
30230      6
59091      6
7122       6
19300      6
7061       6
3920       6
79840      6
89899      6
55340      6
33820      6
48540      6
24905      6
27163      6
50670      6
6853       6
8550       6
18276      6
78005      6
17860      6
7411       6
5539       6
40330      6
51150      6
75870      6
23555      6
13180      6
60060      6
29192      6
66023      6
35498      6
1033       6
2411       6
5207       6
29905      6
5509       6
58280      6
6670       6
86065      6
13315      6
37980      6
14056      6
29148      6
13571      6
80710      6
5340       6
89258      6
75350      6
17605      6
50830      6
14787      6
85580      6
74070      6
89124      6
57030      6
97020      6
88359      6
12949      6
75280      6
72240      6
22641      6
29152      6
6519       6
44830      6
60810      6
98804      6
75503      6
34002      6
60110      6
6122       6
68030      6
89540      6
5735       6
65065      6
83540      6
12323      6
6396       6
85816      6
7752       6
86036      6
50750      6
7111       6
13421      6
25046      6
4810       6
49042      6
32673      6
24903      6
2801       6
14077      6
68445      6
57043      6
89770      6
3257       6
72640      6
40391      6
2442       6
89252      6
40450      6
4162       6
13609      6
84174      6
44002      6
3015       6
27520      6
64019      6
96412      6
62700      6
8411       6
50680      6
17360      6
17606      6
38748      6
38443      6
96070      6
32220      6
29032      6
18320      6
3968       6
79420      6
4601       6
3236       6
27259      6
2335       6
11495      6
37705      6
2325       6
41339      6
3379       6
27313      6
17880      6
20715      6
24430      6
38780      6
17930      6
31580      6
60310      6
93540      6
5008       6
64010      6
96640      6
4273       6
48370      6
26650      6
50730      6
6713       6
3222       6
59140      6
26553      6
18213      6
29470      6
89701      6
2072       6
35603      6
51190      6
65060      6
2724       6
82020      6
72151      6
87705      6
54325      6
33933      6
3476       6
5831       6
96760      6
72125      6
97095      6
20766      6
7242       6
24140      6
44032      6
37945      6
99052      6
59067      6
45880      6
88030      6
9843       6
2543       6
9663       6
15530      6
25715      6
3962       6
57051      6
7064       6
58135      6
36140      6
38065      6
4361       6
37026      6
5125       6
3166       6
75709      6
3047       6
74477      6
84264      6
89226      6
5182       6
1252       6
15940      6
57100      6
13971      6
41730      6
60332      6
11960      6
4106       6
86060      6
62870      6
49090      6
25807      6
12403      6
12705      6
59114      6
1005       6
18279      6
21741      6
5175       6
1103       6
4918       6
4811       6
4109       6
21840      6
27286      6
2136       6
2241       6
85813      6
4738       6
2322       6
72800      6
21530      6
82030      6
59158      6
8561       6
32180      6
28942      6
18131      6
17064      6
45020      6
8559       6
17025      6
2254       6
56328      6
85805      6
29945      6
11666      6
6326       6
1042       6
8375       6
7192       6
2739       6
85603      6
3582       6
86062      6
11662      6
5061       6
9690       6
70736      6
23815      6
48020      6
26060      6
5159       6
58067      6
5819       6
6180       6
8563       6
26051      6
28615      6
6465       6
5305       6
3357       6
95660      6
27945      6
14660      6
11450      6
89223      6
7724       6
9616       6
88504      6
84043      6
7401       6
14062      6
26292      6
5813       6
94965      6
86185      6
95913      6
29193      6
1139       6
4860       6
79044      6
41515      6
86220      6
17523      6
8579       6
45310      6
19801      6
6110       6
1214       6
17204      6
45026      6
88131      6
74170      6
32655      6
51010      6
17180      6
97503      6
12850      6
87035      6
15043      6
89670      6
18606      6
11667      6
24942      6
37556      6
7041       6
37018      6
21735      6
1330       6
8122       6
93310      6
11534      6
5653       6
56304      6
26140      6
27523      6
94920      6
14071      6
2020       6
2513       6
37503      6
60346      6
78053      6
71741      6
4261       6
7044       6
4533       6
63800      6
44090      6
41385      6
60430      6
45652      6
66823      6
6529       6
66020      6
75060      6
27255      6
17603      6
3062       6
15051      6
83326      6
85504      6
9420       6
28140      6
13146      6
88270      6
88307      6
99051      6
77021      6
8412       6
72871      6
89804      6
4252       6
87501      6
24858      6
4657       6
4509       6
11709      6
24912      6
4208       6
36972      6
7244       6
6124       6
21843      6
3531       6
17522      6
68555      6
2472       6
93020      6
95010      6
27660      6
86690      6
5709       6
11454      6
45860      6
76380      6
89667      6
29309      6
78110      6
3045       6
4939       6
4913       6
16305      6
74140      6
27288      6
70745      6
55560      6
4511       6
58840      6
45992      6
88901      6
58884      6
4017       6
88809      6
4159       6
37564      6
85880      6
9521       6
25995      6
8770       6
23946      6
90160      6
6315       6
46900      6
5398       6
36062      6
17524      6
70756      6
78115      6
89207      6
3810       6
64073      6
89070      6
11760      6
21051      6
58010      6
35044      6
54520      6
3244       6
2521       6
82520      6
1241       6
2071       6
93520      6
6075       6
39830      6
21862      6
57085      6
4578       6
72610      6
26323      6
39510      6
70340      6
6856       6
18410      6
21932      6
35053      6
4163       6
18212      6
74150      6
9402       6
5158       6
39750      6
8715       6
7055       6
71215      6
96083      6
2037       6
35365      6
2317       6
1503       6
24348      6
20070      6
1244       6
96212      6
3059       6
38230      6
5687       6
12602      6
72430      6
76829      6
1020       6
11350      6
4020       6
5794       6
68590      6
82120      6
96501      6
26280      6
15390      6
4607       6
73062      6
56180      6
4253       6
66113      6
60862      6
39508      6
89256      6
29147      6
2855       6
37775      6
8598       6
88817      6
79050      6
86420      6
4194       6
18273      6
6855       6
79990      6
9112       6
83010      6
13106      6
96750      6
5350       6
87709      6
40210      6
6280       6
42701      6
78060      6
13152      6
89164      6
6260       6
68140      6
89074      6
77480      6
3818       6
7183       6
45818      6
85857      6
38750      6
56306      6
70070      6
41500      6
5406       6
37555      6
29450      6
35547      6
92325      6
98025      6
71670      6
15870      6
73368      6
73005      6
37805      6
38304      6
8655       6
33110      6
4136       6
89830      6
4173       6
77809      6
5516       6
8795       6
60190      6
4019       6
2128       6
27961      6
5359       6
7991       6
19061      6
6038       6
18590      6
8594       6
25745      6
7173       6
13385      6
2227       6
65025      6
52160      6
4775       6
15110      6
85770      6
12512      6
9430       6
17240      6
3061       6
3471       6
73092      6
1140       6
4905       6
5850       6
5879       6
26221      6
36512      6
4303       6
5707       6
7866       6
4847       6
1234       6
4932       6
3309       6
99660      6
14412      6
60450      6
18685      6
24426      6
12414      6
88735      6
74884      6
55004      6
2346       6
36180      6
99670      6
11089      6
89027      6
3363       6
69050      6
88136      6
29190      6
3071       6
4243       6
61932      6
28991      6
4187       6
58415      6
64500      6
25961      6
2938       6
5347       6
3659       6
37136      6
15720      6
36092      6
5632       6
47806      6
29018      6
29178      6
91380      6
7030       6
40243      6
27340      6
2362       6
28180      6
7050       6
37148      6
7803       6
84570      6
14804      6
27283      6
9860       6
51130      6
16072      6
25214      6
81720      6
72146      6
7053       5
60336      5
2632       5
71665      5
78557      5
4427       5
36855      5
95595      5
2376       5
25245      5
41706      5
21515      5
74825      5
86700      5
13287      5
88304      5
85790      5
73035      5
3574       5
40323      5
96570      5
6722       5
3755       5
83209      5
32044      5
89705      5
25802      5
3562       5
58407      5
24724      5
8671       5
94080      5
12288      5
3575       5
3178       5
71720      5
71915      5
37975      5
17205      5
8381       5
75064      5
71571      5
65067      5
88430      5
6270       5
5798       5
45690      5
87250      5
4183       5
60831      5
1152       5
3420       5
30610      5
84640      5
62030      5
5033       5
7998       5
3124       5
62850      5
37561      5
5723       5
24943      5
69303      5
17601      5
12213      5
8763       5
2860       5
44052      5
24736      5
82315      5
41741      5
68633      5
70760      5
45607      5
21511      5
44574      5
70743      5
86450      5
9991       5
11673      5
27353      5
94085      5
95047      5
16570      5
54280      5
29052      5
69911      5
85864      5
45980      5
13613      5
89675      5
42702      5
1156       5
3813       5
87075      5
70234      5
29129      5
85862      5
82100      5
75390      5
4613       5
5165       5
74820      5
2261       5
7052       5
32685      5
2332       5
13475      5
4826       5
3310       5
73369      5
65365      5
59071      5
94480      5
19910      5
4139       5
58220      5
99560      5
16980      5
75115      5
95112      5
95181      5
19210      5
5520       5
84220      5
38445      5
12082      5
16057      5
99930      5
17980      5
17509      5
3147       5
1506       5
9971       5
53080      5
44004      5
38465      5
60841      5
37485      5
37115      5
37010      5
82300      5
87508      5
69025      5
3758       5
11346      5
24738      5
14910      5
54762      5
12350      5
6714       5
13370      5
80510      5
39230      5
3634       5
4632       5
6612       5
38970      5
4794       5
2324       5
78085      5
1204       5
54800      5
3413       5
29042      5
36844      5
2235       5
6332       5
5686       5
14404      5
4101       5
86708      5
2349       5
7859       5
5367       5
3054       5
4347       5
4276       5
11850      5
5331       5
44695      5
4079       5
37132      5
35195      5
78780      5
30580      5
5816       5
84560      5
26086      5
29927      5
37004      5
87711      5
45360      5
58040      5
94450      5
78450      5
89930      5
40484      5
89790      5
77807      5
9051       5
70744      5
29295      5
60824      5
72415      5
2552       5
65715      5
46190      5
62680      5
4782       5
83704      5
9625       5
78255      5
23954      5
93280      5
7850       5
2941       5
84635      5
5065       5
77405      5
17540      5
5004       5
96217      5
13873      5
3053       5
5466       5
42801      5
99704      5
40414      5
49096      5
26021      5
81850      5
36350      5
78008      5
3189       5
79117      5
5821       5
95250      5
35051      5
76900      5
12603      5
53441      5
25976      5
4108       5
78118      5
89211      5
73340      5
12316      5
18105      5
57080      5
77403      5
87065      5
55715      5
68790      5
27140      5
65609      5
5568       5
89041      5
3321       5
8310       5
45807      5
58416      5
44056      5
6276       5
13732      5
3944       5
87113      5
19940      5
74463      5
59500      5
85070      5
5401       5
26032      5
66617      5
39530      5
5846       5
4336       5
13877      5
3446       5
40295      5
96203      5
3287       5
6023       5
23081      5
76870      5
40015      5
72319      5
88332      5
85400      5
73360      5
23934      5
41315      5
9176       5
39880      5
7056       5
72915      5
5873       5
63475      5
18136      5
4058       5
67013      5
7062       5
55125      5
1259       5
4764       5
6541       5
39735      5
3828       5
15092      5
8528       5
3819       5
23811      5
98035      5
2238       5
37930      5
5618       5
87505      5
89224      5
25770      5
85811      5
89167      5
89015      5
94035      5
6683       5
29168      5
1203       5
95052      5
70740      5
41320      5
55370      5
58046      5
24141      5
2312       5
2450       5
73025      5
8441       5
47200      5
13735      5
16075      5
88540      5
7090       5
29130      5
2405       5
2320       5
99072      5
91060      5
2040       5
88065      5
2341       5
69060      5
1129       5
4405       5
74976      5
44720      5
5571       5
74483      5
37902      5
18604      5
78020      5
68372      5
4915       5
27325      5
75533      5
4536       5
89176      5
49087      5
13251      5
95070      5
25570      5
12282      5
48990      5
84262      5
9660       5
2961       5
78120      5
8530       5
88317      5
80810      5
85602      5
15057      5
87209      5
9661       5
6154       5
89040      5
86605      5
68625      5
4379       5
35112      5
72850      5
14720      5
1314       5
25561      5
15480      5
13995      5
42710      5
60326      5
95041      5
2044       5
84660      5
66077      5
77016      5
38031      5
5688       5
58102      5
37655      5
27998      5
14075      5
3975       5
5376       5
12514      5
78520      5
16290      5
1546       5
85814      5
79610      5
5583       5
35903      5
85905      5
55580      5
94859      5
70384      5
36883      5
29370      5
95096      5
95082      5
41920      5
55750      5
5889       5
8761       5
72755      5
65630      5
83508      5
29150      5
4193       5
21755      5
1011       5
23056      5
99870      5
5002       5
17063      5
50731      5
58025      5
74911      5
19027      5
77950      5
66110      5
2926       5
53433      5
4676       5
88134      5
63900      5
98430      5
8341       5
38380      5
99060      5
72251      5
2866       5
25565      5
23573      5
20760      5
43805      5
61650      5
91780      5
71625      5
87120      5
12580      5
3161       5
4164       5
29107      5
5119       5
18274      5
29280      5
30512      5
85806      5
78070      5
18305      5
7428       5
55612      5
25268      5
13440      5
65922      5
41925      5
20221      5
6695       5
15825      5
86490      5
4828       5
13479      5
94065      5
50760      5
72930      5
2130       5
39500      5
59280      5
8613       5
25964      5
6152       5
5758       5
15063      5
36020      5
46810      5
53140      5
5044       5
15013      5
41613      5
2215       5
14161      5
94931      5
4372       5
2530       5
81880      5
2217       5
66630      5
71884      5
96255      5
4691       5
37048      5
4943       5
18210      5
38067      5
2469       5
60425      5
54100      5
7438       5
26088      5
37780      5
39868      5
1138       5
2531       5
17031      5
16071      5
58073      5
43850      5
1141       5
72602      5
31520      5
88360      5
34001      5
4316       5
25880      5
28016      5
34600      5
14795      5
79034      5
21630      5
94960      5
66833      5
5141       5
52030      5
60861      5
62430      5
58301      5
4853       5
5439       5
64027      5
57955      5
88108      5
65530      5
74030      5
8538       5
35302      5
27215      5
57081      5
45651      5
90830      5
25271      5
79091      5
60510      5
25540      5
40240      5
33140      5
3422       5
35058      5
2534       5
65393      5
5003       5
6145       5
5871       5
5820       5
6407       5
94818      5
36345      5
69309      5
3759       5
67143      5
3985       5
2042       5
4367       5
11325      5
89887      5
4215       5
31630      5
74533      5
57082      5
2125       5
48602      5
26298      5
13602      5
15076      5
2555       5
18860      5
79370      5
68627      5
30865      5
58400      5
13350      5
89055      5
13477      5
89239      5
2271       5
9691       5
75095      5
44190      5
3559       5
21860      5
5358       5
14882      5
85155      5
3665       5
39920      5
68746      5
65062      5
12072      5
87820      5
62280      5
3475       5
74353      5
98995      5
3160       5
29665      5
74013      5
18407      5
3647       5
45027      5
9434       5
24322      5
60714      5
89490      5
36052      5
78705      5
16026      5
4021       5
6250       5
26291      5
81350      5
65068      5
5728       5
8693       5
18250      5
48925      5
7083       5
1541       5
28905      5
8343       5
54753      5
6626       5
82650      5
5757       5
13903      5
9332       5
4785       5
79621      5
2851       5
4123       5
5661       5
92480      5
78575      5
2874       5
26582      5
4425       5
96470      5
83015      5
72322      5
83410      5
3578       5
7704       5
4049       5
3213       5
77493      5
72002      5
2537       5
76890      5
4728       5
36048      5
72318      5
11609      5
70363      5
6840       5
4203       5
89052      5
96815      5
89030      5
18114      5
3084       5
28685      5
7123       5
50900      5
11525      5
5421       5
8247       5
4816       5
11940      5
38035      5
8553       5
3910       5
12411      5
7853       5
62790      5
5203       5
71520      5
3029       5
79830      5
3715       5
2179       5
1521       5
39290      5
95540      5
11674      5
62670      5
29255      5
24944      5
15230      5
54360      5
28021      5
9134       5
66025      5
79118      5
89890      5
91310      5
17502      5
8471       5
39970      5
24745      5
84265      5
41612      5
7012       5
13414      5
46140      5
37420      5
58055      5
11471      5
73370      5
29709      5
33855      5
21545      5
79780      5
2135       5
2840       5
83020      5
7073       5
9932       5
4306       5
3086       5
32370      5
23812      5
1331       5
64218      5
84060      5
53635      5
83833      5
65215      5
4279       5
60330      5
2731       5
4174       5
55680      5
19020      5
2471       5
13633      5
36328      5
70610      5
6335       5
27113      5
88745      5
56903      5
78035      5
4167       5
56640      5
24465      5
78735      5
58475      5
64003      5
83706      5
65940      5
75925      5
14735      5
16022      5
46980      5
14980      5
3104       5
8391       5
89259      5
5863       5
37160      5
5833       5
2201       5
30820      5
3567       5
73040      5
87225      5
75906      5
74366      5
74115      5
2138       5
29970      5
1501       5
91140      5
96408      5
95060      5
66811      5
74355      5
74120      5
39700      5
4888       5
68010      5
74845      5
62810      5
87160      5
6754       5
15360      5
65810      5
9688       5
19915      5
4457       5
21512      5
4469       5
78510      5
85818      5
39520      5
71515      5
29142      5
15770      5
68682      5
8257       5
33925      5
62685      5
5101       5
40320      5
88138      5
32677      5
23016      5
1319       5
11910      5
89032      5
72880      5
26160      5
60710      5
21670      5
3090       5
3605       5
44003      5
55295      5
59075      5
72236      5
1535       5
87990      5
38081      5
95400      5
74015      5
6409       5
89885      5
15960      5
3280       5
71880      5
27256      5
4415       5
99050      5
18214      5
88035      5
65030      5
38082      5
99300      5
7071       5
19912      5
3323       5
2478       5
4432       5
2177       5
49043      5
83507      5
45745      5
12522      5
61900      5
15490      5
5715       5
38066      5
95905      5
2038       5
45005      5
1218       5
57041      5
3113       5
45603      5
19065      5
95045      5
56912      5
65300      5
4284       5
72410      5
21825      5
29119      5
96190      5
18201      5
11090      5
7043       5
99020      5
12518      5
79021      5
3930       5
9251       5
3524       5
4508       5
38055      5
3908       5
59022      5
79540      5
3187       5
71694      5
3314       5
3404       5
33935      5
82515      5
40715      5
89266      5
79006      5
2934       5
74935      5
86058      5
13223      5
89711      5
57042      5
96790      5
51250      5
72155      5
19640      5
35370      5
55192      5
4360       5
67120      5
38240      5
13605      5
5364       5
88813      5
76590      5
3666       5
71572      5
2996       5
57312      5
70655      5
6194       5
94430      5
29704      5
3812       5
6340       5
5878       5
94510      5
55024      5
2971       5
75610      5
18725      5
26580      5
4544       5
83405      5
3416       5
4702       5
5058       5
2512       5
4605       5
2225       5
49040      5
11530      5
5318       5
29015      5
11436      5
2421       5
5712       5
25050      5
95535      5
4651       5
38022      5
89708      5
40430      5
7786       5
17024      5
35270      5
1150       5
97970      5
44640      5
88590      5
35485      5
16018      5
29185      5
11622      5
83414      5
15707      5
78665      5
4007       5
66623      5
4064       5
65048      5
3804       5
8472       5
86770      5
11444      5
32042      5
36401      5
55030      5
26080      5
68193      5
35969      5
83320      5
94190      5
3809       5
13337      5
91320      5
15060      5
56780      5
1417       5
2879       5
38302      5
27965      5
81240      5
13636      5
73752      5
26262      5
89170      5
70648      5
8635       5
1225       5
64290      5
2206       5
3884       5
36088      5
2281       5
91225      5
48601      5
60348      5
12513      5
13617      5
7714       5
73401      5
3372       5
52130      5
64082      5
58600      5
74375      5
4673       5
35534      5
95030      5
83050      5
15075      5
5814       5
32425      5
8752       5
68660      5
86410      5
4752       5
2266       5
18602      5
3983       5
3630       5
82970      5
1216       5
2467       5
37430      5
96835      5
89248      5
78135      5
2202       5
79813      5
41310      5
2264       5
87070      5
2976       5
68390      5
79833      5
55195      5
3437       5
44050      5
33902      5
41510      5
48500      5
66065      5
2514       5
5704       4
93415      4
39406      4
44033      4
71540      4
85854      4
95340      4
6835       4
5874       4
12270      4
6290       4
89868      4
28375      4
12420      4
17033      4
16011      4
35367      4
74580      4
23820      4
57062      4
25545      4
88805      4
74986      4
74423      4
3718       4
86181      4
1537       4
92035      4
74160      4
79640      4
81250      4
48950      4
4772       4
60834      4
57311      4
9415       4
29820      4
78540      4
88505      4
27170      4
1008       4
31975      4
6600       4
2418       4
7862       4
18013      4
5352       4
58011      4
87260      4
17207      4
5124       4
4295       4
5092       4
62115      4
2762       4
9431       4
68745      4
29155      4
85055      4
74484      4
72304      4
4742       4
12051      4
70875      4
1031       4
3184       4
7263       4
65620      4
29920      4
79332      4
74645      4
3521       4
3371       4
32681      4
64076      4
83606      4
25959      4
70344      4
8505       4
69307      4
29338      4
35480      4
27331      4
2878       4
13476      4
68628      4
85568      4
66045      4
25036      4
33035      4
87703      4
17521      4
55170      4
6642       4
79092      4
72900      4
1539       4
8382       4
78680      4
8500       4
55520      4
37548      4
86071      4
7845       4
89652      4
4940       4
7911       4
60851      4
3560       4
5546       4
26175      4
3034       4
26433      4
70757      4
33130      4
70294      4
89057      4
30670      4
3025       4
42708      4
24752      4
40420      4
6397       4
3976       4
31812      4
96495      4
14120      4
18202      4
9687       4
2409       4
79003      4
85817      4
4054       4
5628       4
37990      4
5796       4
29931      4
77470      4
76360      4
5444       4
13841      4
8465       4
89940      4
3604       4
12311      4
3717       4
56250      4
58175      4
32470      4
89062      4
93054      4
4466       4
60830      4
4157       4
5343       4
2758       4
81480      4
74921      4
26440      4
15813      4
36750      4
33025      4
24717      4
3375       4
87240      4
2251       4
17670      4
13279      4
49490      4
13409      4
95930      4
14883      4
11925      4
65061      4
71676      4
64300      4
7912       4
70772      4
99440      4
3517       4
5160       4
25233      4
4155       4
4048       4
78098      4
64067      4
79093      4
40750      4
25815      4
16850      4
78032      4
24725      4
4566       4
25264      4
3174       4
37527      4
54220      4
4569       4
3945       4
29115      4
31810      4
2054       4
45830      4
69305      4
6380       4
86760      4
25882      4
70630      4
66030      4
18690      4
8850       4
45052      4
2036       4
3657       4
30514      4
88950      4
75806      4
2366       4
72016      4
8670       4
7952       4
1207       4
4132       4
13625      4
86031      4
29906      4
79103      4
40425      4
36130      4
25940      4
64806      4
95995      4
74710      4
71990      4
57063      4
41280      4
60530      4
4029       4
76335      4
70767      4
41338      4
37965      4
9241       4
76240      4
32187      4
38040      4
3504       4
4610       4
11335      4
59150      4
9626       4
2012       4
15620      4
69078      4
1209       4
60441      4
96214      4
3266       4
4340       4
25808      4
4071       4
68447      4
7222       4
3558       4
29278      4
31844      4
85670      4
21042      4
35675      4
85930      4
9847       4
4705       4
75890      4
2553       4
4848       4
21370      4
51240      4
89198      4
26113      4
74357      4
11523      4
2067       4
38475      4
2913       4
1121       4
46860      4
7153       4
35738      4
69800      4
4893       4
4575       4
13572      4
15993      4
7718       4
40760      4
94445      4
4035       4
35340      4
36480      4
72302      4
2911       4
29909      4
85835      4
39408      4
93332      4
78195      4
68459      4
70383      4
25215      4
84050      4
3814       4
81940      4
60870      4
88702      4
3142       4
4648       4
77700      4
6866       4
13230      4
2337       4
9683       4
56700      4
56395      4
4161       4
3401       4
53110      4
21044      4
16660      4
8501       4
45450      4
4065       4
71675      4
16301      4
70747      4
8545       4
70872      4
64057      4
18401      4
29169      4
13341      4
96930      4
17607      4
19041      4
96060      4
4184       4
3021       4
6060       4
79955      4
6093       4
5427       4
2113       4
2161       4
95980      4
32665      4
84280      4
70833      4
13910      4
13790      4
21046      4
86086      4
18409      4
65050      4
59200      4
13155      4
63680      4
52110      4
11360      4
5387       4
27540      4
19273      4
64000      4
45848      4
68385      4
3022       4
2250       4
6867       4
3277       4
72010      4
7195       4
3342       4
26560      4
4703       4
11670      4
36309      4
27655      4
97547      4
75680      4
2134       4
78590      4
29145      4
99615      4
37620      4
2725       4
3918       4
30455      4
82700      4
75094      4
94185      4
60821      4
13075      4
68743      4
3376       4
36150      4
11080      4
4961       4
2617       4
65020      4
2960       4
7942       4
3640       4
36530      4
55813      4
15760      4
28949      4
74085      4
97037      4
74959      4
40010      4
12702      4
59122      4
29116      4
4338       4
11470      4
35440      4
9335       4
89063      4
72503      4
29048      4
5423       4
97870      4
4467       4
13550      4
4713       4
6364       4
40055      4
4522       4
27410      4
5268       4
65052      4
45828      4
13086      4
82980      4
47240      4
40731      4
2912       4
3026       4
78260      4
23942      4
87235      4
48480      4
23826      4
3935       4
32235      4
78390      4
43820      4
89282      4
35140      4
60850      4
2377       4
65912      4
50870      4
40435      4
15930      4
61905      4
70040      4
4327       4
3382       4
85853      4
61635      4
76230      4
4120       4
91788      4
9425       4
79602      4
48901      4
79042      4
65919      4
28928      4
6130       4
54090      4
7744       4
70077      4
59360      4
28060      4
88860      4
71882      4
95708      4
4410       4
42809      4
37690      4
62880      4
3167       4
78040      4
28820      4
4114       4
58074      4
9655       4
25933      4
97043      4
18601      4
81825      4
4689       4
4567       4
45465      4
57061      4
26556      4
6806       4
21875      4
28614      4
98015      4
93542      4
35059      4
1325       4
13312      4
64080      4
5162       4
3638       4
17504      4
5872       4
78099      4
68742      4
89205      4
86350      4
60811      4
94440      4
26031      4
17527      4
28025      4
3414       4
25740      4
53403      4
85502      4
55643      4
37220      4
94935      4
59330      4
45078      4
2016       4
9411       4
32342      4
42709      4
83570      4
17480      4
8527       4
79094      4
69912      4
88230      4
3506       4
4472       4
49070      4
66810      4
76920      4
89138      4
96880      4
3102       4
72726      4
5501       4
20970      4
68552      4
7404       4
3561       4
35669      4
94170      4
45638      4
11425      4
19913      4
36032      4
69042      4
48608      4
88520      4
3364       4
88845      4
60351      4
4784       4
89284      4
74970      4
3180       4
26550      4
37960      4
72110      4
62598      4
29460      4
4754       4
2255       4
4909       4
25266      4
3707       4
38755      4
41205      4
37195      4
87920      4
4081       4
3360       4
1456       4
13902      4
21030      4
57073      4
4180       4
60442      4
5477       4
3881       4
8380       4
4580       4
40390      4
5852       4
45821      4
72595      4
74563      4
78715      4
4370       4
63150      4
78795      4
2465       4
70337      4
78530      4
49065      4
48860      4
2957       4
69314      4
6408       4
26554      4
75930      4
96216      4
79321      4
86630      4
86702      4
3370       4
7857       4
99711      4
83708      4
6608       4
74093      4
2564       4
4110       4
70160      4
70235      4
1328       4
5843       4
37610      4
68700      4
14169      4
65274      4
63600      4
5429       4
54270      4
95076      4
3262       4
89440      4
72603      4
2757       4
89510      4
54080      4
37165      4
89985      4
79100      4
2307       4
23935      4
70775      4
89214      4
84053      4
3922       4
9623       4
3119       4
46310      4
35910      4
2870       4
62250      4
64062      4
79110      4
44300      4
65485      4
5408       4
72596      4
84268      4
4077       4
73270      4
60763      4
4512       4
62040      4
36976      4
57060      4
5774       4
9792       4
99530      4
3680       4
60533      4
48603      4
9667       4
85560      4
9412       4
2809       4
2186       4
4118       4
4149       4
4063       4
45480      4
3205       4
4623       4
2029       4
52211      4
75980      4
6871       4
46600      4
70350      4
32043      4
70275      4
4010       4
7011       4
27145      4
59014      4
40710      4
96207      4
1137       4
36260      4
83350      4
60872      4
70255      4
72501      4
68902      4
68450      4
60761      4
37225      4
21241      4
49900      4
79700      4
4181       4
46550      4
18307      4
13077      4
88900      4
3515       4
40070      4
58020      4
87707      4
55535      4
64045      4
9689       4
72920      4
45910      4
4169       4
36152      4
74020      4
76847      4
2566       4
58032      4
17350      4
37262      4
16207      4
72583      4
75705      4
25914      4
1522       4
86310      4
54765      4
3577       4
12505      4
89278      4
14460      4
84300      4
41215      4
33015      4
4378       4
94470      4
62570      4
1530       4
45545      4
78565      4
12289      4
85630      4
6526       4
6502       4
57044      4
35120      4
3307       4
3811       4
1425       4
93130      4
5184       4
50910      4
89257      4
2433       4
64046      4
5883       4
60337      4
7794       4
2308       4
11708      4
53170      4
5334       4
60713      4
38730      4
40470      4
13046      4
70236      4
86170      4
37450      4
41207      4
15220      4
68400      4
75940      4
9682       4
79083      4
50771      4
6016       4
4359       4
29120      4
95040      4
4653       4
31320      4
93347      4
15042      4
26980      4
5623       4
35940      4
60720      4
25055      4
3938       4
5069       4
19014      4
36576      4
5805       4
3308       4
5055       4
27257      4
79630      4
88914      4
7750       4
86041      4
41603      4
32405      4
26281      4
2309       4
88526      4
3182       4
60731      4
98170      4
15093      4
57480      4
1014       4
37135      4
91215      4
64180      4
3639       4
21071      4
11610      4
4622       4
3209       4
65903      4
46470      4
72542      4
8345       4
5465       4
75909      4
25041      4
2965       4
13875      4
53900      4
5212       4
4686       4
3356       4
41710      4
8143       4
2212       4
73805      4
73010      4
2990       4
74593      4
6760       4
3545       4
45203      4
74930      4
5587       4
25580      4
79601      4
2363       4
70297      4
6343       4
74603      4
2247       4
64880      4
4046       4
5102       4
5832       4
26435      4
3701       4
88990      4
74635      4
92340      4
5659       4
85990      4
3019       4
88320      4
13305      4
62150      4
89291      4
5867       4
59920      4
1007       4
49055      4
26167      4
5023       4
3544       4
25965      4
12322      4
54580      4
15014      4
42802      4
2259       4
31650      4
53530      4
29330      4
28175      4
19901      4
64860      4
26572      4
64980      4
8575       4
4062       4
7855       4
88930      4
55530      4
3072       4
8793       4
88337      4
4403       4
3351       4
86182      4
14024      4
33010      4
3063       4
97450      4
7435       4
23015      4
89680      4
16250      4
66670      4
41705      4
27143      4
62265      4
84470      4
50790      4
84266      4
55940      4
3138       4
45615      4
72870      4
83860      4
79822      4
14610      4
83040      4
17830      4
18211      4
2652       4
53220      4
60543      4
11669      4
23932      4
75850      4
39540      4
70763      4
7075       4
78730      4
2330       4
12516      4
1434       4
41192      4
65046      4
6845       4
4549       4
5527       4
14702      4
3642       4
72980      4
40280      4
35666      4
85260      4
85863      4
2932       4
98175      4
29301      4
98290      4
40353      4
40440      4
51270      4
82710      4
5848       4
4249       4
63122      4
26313      4
31570      4
3911       4
63113      4
29580      4
79074      4
24040      4
24742      4
61880      4
3658       4
11707      4
7865       4
1531       4
96206      4
76932      4
41370      4
19865      4
27195      4
3311       4
25610      4
37044      4
1414       4
2451       4
38073      4
94110      4
18710      4
50770      4
5265       4
22211      4
28616      4
89703      4
37445      4
84026      4
88440      4
58075      4
28898      4
39650      4
13324      4
4325       4
79940      4
73920      4
41343      4
23825      4
89247      4
18960      4
44950      4
98770      4
29480      4
47630      4
44006      4
37278      4
6327       4
94435      4
2358       4
24930      4
41218      4
4846       4
64840      4
4286       4
96825      4
60741      4
95072      4
55920      4
28550      4
59015      4
3924       4
25220      4
64215      4
41640      4
72280      4
3669       4
38910      4
89068      4
9973       4
5419       4
1442       4
71938      4
1026       4
69082      4
86812      4
5131       4
54515      4
3064       4
54070      4
3279       4
85750      4
84016      4
35995      4
65010      4
74932      4
85610      4
40040      4
25571      4
36190      4
75080      4
76901      4
75802      4
45416      4
50920      4
37578      4
12500      4
6429       4
4949       4
65051      4
3156       4
17507      4
7094       4
38036      4
25911      4
12086      4
3823       4
93334      4
89850      4
65200      4
64034      4
67033      4
3552       4
55291      4
45075      4
8567       4
54460      4
56302      4
83504      4
3688       4
4693       4
98270      4
37584      4
3737       4
66120      4
24370      4
2204       4
89163      4
68501      4
1551       4
36720      4
41253      4
3965       4
25560      4
5551       4
88049      4
96055      4
32605      4
40445      4
28995      4
83705      4
42739      4
28913      4
96160      4
8474       4
96503      4
93270      4
7909       4
58041      4
93819      4
17160      4
60353      4
85780      4
36887      4
5892       4
85040      4
58085      4
4129       4
9618       4
39665      4
33821      4
96077      4
68626      4
55034      4
76160      4
4137       4
76382      4
3168       4
17213      4
86025      4
4270       4
93048      4
26178      4
18056      4
6144       4
74110      4
68695      4
89046      4
4963       4
89595      4
65289      4
4662       4
65590      4
58430      4
4795       4
9641       4
84285      4
76220      4
84035      4
65636      4
2219       4
69044      4
2336       4
29173      4
5448       4
6445       4
4221       4
3557       4
3533       4
69041      4
72140      4
4803       4
88371      4
11624      4
5802       4
44091      4
2612       4
78270      4
9844       4
3334       4
56470      4
78275      4
81310      4
3027       4
44400      4
70754      4
53040      4
4247       4
99713      4
2236       4
79200      4
30624      4
18510      4
33900      4
70210      4
79036      4
57072      4
62380      4
15080      4
97560      4
5134       4
8504       4
72001      4
2807       4
89709      4
70200      4
3366       4
89504      4
64090      4
39120      4
2228       4
3581       4
4781       4
1549       4
71901      4
27535      4
74055      4
64900      4
3963       4
8537       4
45606      4
44051      4
58057      4
75170      4
79380      4
48850      4
72600      4
82210      4
17212      4
62823      4
4255       4
12523      4
26278      4
76265      4
64015      4
5121       4
32265      4
60191      4
2535       4
4156       4
14350      4
40725      4
89229      4
24855      4
4727       4
75955      4
14990      4
9972       4
7804       4
40421      4
29023      4
3201       4
38026      4
36325      4
17039      4
32186      4
2550       4
3523       4
44076      4
1155       4
83413      4
68553      4
59296      4
85909      4
26910      4
62550      4
56163      4
3264       4
23082      4
89216      4
6804       4
79102      4
35360      4
85340      4
3115       4
62370      4
62011      4
72025      4
79031      4
12443      4
73700      4
6415       4
68516      4
2936       4
94955      4
84036      4
63380      4
74360      4
11668      4
70765      4
63100      4
93214      4
12283      4
26574      4
12335      4
69033      4
2969       4
75470      4
83560      4
66073      4
96830      4
7748       4
63030      4
35190      4
11365      4
69010      4
27347      4
77410      4
45928      4
6872       4
5860       4
4910       4
52090      4
4050       4
56600      4
93315      4
9846       4
3678       4
60356      4
27261      4
11330      4
36090      4
59069      4
29770      4
20535      4
89022      4
29311      3
26272      3
59655      3
13573      3
2983       3
86640      3
73020      3
37589      3
39505      3
45320      3
5450       3
7847       3
18380      3
26155      3
14709      3
60181      3
3704       3
85012      3
13641      3
4160       3
4862       3
2302       3
26185      3
73808      3
3546       3
85910      3
75265      3
72548      3
75083      3
14745      3
56312      3
1044       3
71250      3
64017      3
18707      3
9627       3
74920      3
11618      3
36504      3
3959       3
26125      3
84450      3
28455      3
74555      3
12440      3
1107       3
77320      3
74595      3
13326      3
89810      3
79333      3
2808       3
5402       3
4944       3
72465      3
3123       3
36091      3
4615       3
88763      3
71705      3
15086      3
82720      3
88703      3
56326      3
4621       3
3431       3
40060      3
3896       3
59030      3
48590      3
51011      3
85420      3
78335      3
53020      3
12509      3
58155      3
2321       3
2118       3
29946      3
2463       3
3192       3
5029       3
70355      3
8531       3
75790      3
37350      3
7830       3
4090       3
79080      3
5081       3
74780      3
3612       3
2519       3
47400      3
55450      3
29949      3
99830      3
39445      3
78593      3
13336      3
73751      3
45900      3
88806      3
85200      3
65137      3
60532      3
40325      3
2836       3
4445       3
3001       3
37070      3
27513      3
2558       3
5657       3
4935       3
12990      3
59600      3
3350       3
5328       3
12130      3
98550      3
70762      3
50780      3
59215      3
49930      3
17053      3
76270      3
12425      3
7916       3
25253      3
20961      3
99435      3
69075      3
3664       3
12319      3
89165      3
3555       3
72333      3
73251      3
2260       3
70361      3
74770      3
74470      3
17202      3
88818      3
2203       3
5209       3
1305       3
65550      3
3068       3
4850       3
63050      3
76850      3
2275       3
17740      3
41615      3
96050      3
62840      3
47990      3
53625      3
38037      3
4606       3
11461      3
3208       3
4028       3
3673       3
5775       3
50820      3
59108      3
48010      3
62360      3
2831       3
71825      3
4582       3
69086      3
55930      3
39598      3
58050      3
11345      3
40260      3
25075      3
6298       3
3731       3
57300      3
6509       3
35582      3
2863       3
70864      3
39185      3
68507      3
2127       3
18043      3
97418      3
67015      3
77490      3
70834      3
2856       3
3367       3
60180      3
68557      3
87525      3
94100      3
98930      3
36320      3
3650       3
74460      3
45435      3
97511      3
27460      3
65304      3
86077      3
6120       3
63740      3
2875       3
2064       3
85901      3
5420       3
14440      3
68925      3
48880      3
64803      3
3303       3
14076      3
58433      3
2540       3
25630      3
78645      3
3675       3
68904      3
68740      3
93212      3
85825      3
13525      3
96505      3
98010      3
11724      3
59127      3
4158       3
2533       3
48668      3
71745      3
75815      3
8525       3
87033      3
4254       3
2882       3
79604      3
3349       3
64028      3
45140      3
3261       3
1036       3
2951       3
62750      3
5866       3
85858      3
75513      3
18113      3
97507      3
9416       3
72914      3
6864       3
79812      3
49038      3
63360      3
95058      3
70233      3
45455      3
42805      3
87710      3
9407       3
2734       3
4271       3
4251       3
7715       3
85710      3
2367       3
58305      3
98470      3
77813      3
2313       3
8533       3
8529       3
37517      3
7159       3
31235      3
74720      3
4244       3
2715       3
33937      3
83090      3
26275      3
5042       3
5615       3
5780       3
36980      3
68560      3
53240      3
53407      3
53280      3
5332       3
8589       3
36940      3
4240       3
5126       3
4832       3
6421       3
39610      3
15703      3
57840      3
4250       3
77060      3
20975      3
35668      3
79140      3
31370      3
13282      3
59133      3
5841       3
83609      3
49140      3
3940       3
38625      3
6402       3
3386       3
95990      3
20930      3
55296      3
48760      3
16340      3
4456       3
86707      3
87330      3
27534      3
59650      3
96195      3
88865      3
4386       3
4912       3
9640       3
27185      3
45037      3
83407      3
36503      3
50660      3
26216      3
4783       3
87910      3
3616       3
25960      3
29960      3
93222      3
3274       3
37275      3
5330       3
31620      3
5447       3
23098      3
5368       3
87345      3
5452       3
83406      3
20973      3
5462       3
2557       3
49260      3
2466       3
50110      3
11714      3
34505      3
78505      3
74684      3
85020      3
73760      3
28940      3
53230      3
83412      3
65695      3
72622      3
75550      3
93544      3
89206      3
64100      3
86945      3
39527      3
4057       3
72855      3
89157      3
63645      3
30622      3
21635      3
3114       3
29701      3
21864      3
39980      3
34580      3
76806      3
88123      3
3693       3
59162      3
74413      3
95707      3
37910      3
18255      3
84178      3
59141      3
5822       3
6474       3
7953       3
27212      3
85585      3
5731       3
41342      3
4201       3
19064      3
17260      3
28070      3
3324       3
11535      3
6331       3
44082      3
3961       3
14670      3
69317      3
85875      3
46300      3
3509       3
25225      3
64014      3
3158       3
93425      3
86460      3
51111      3
44230      3
93290      3
74805      3
59010      3
29197      3
76929      3
26271      3
3947       3
69043      3
23916      3
1519       3
93610      3
86709      3
62920      3
94855      3
4350       3
57015      3
88810      3
59670      3
11619      3
5022       3
6342       3
63504      3
37920      3
3133       3
60844      3
4282       3
74125      3
72547      3
6350       3
70331      3
96330      3
5436       3
86455      3
69040      3
29943      3
79760      3
49509      3
69312      3
53260      3
3374       3
19260      3
17570      3
60525      3
94070      3
59070      3
55250      3
3720       3
59078      3
88190      3
39917      3
75389      3
38046      3
72862      3
97390      3
85859      3
60813      3
89888      3
5830       3
27150      3
3018       3
71574      3
65208      3
50940      3
11955      3
85045      3
31660      3
84145      3
75526      3
93346      3
79890      3
61901      3
9435       3
99725      3
38071      3
7250       3
72308      3
72504      3
36506      3
75135      3
82900      3
12501      3
3542       3
6296       3
8772       3
39460      3
11612      3
38290      3
3128       3
57630      3
87780      3
86165      3
27165      3
24325      3
28922      3
3622       3
36505      3
59120      3
6770       3
54150      3
4807       3
39160      3
86186      3
40313      3
2814       3
5876       3
70298      3
38045      3
57150      3
65500      3
5114       3
93530      3
89172      3
3530       3
70843      3
3141       3
24466      3
3149       3
71635      3
86813      3
60760      3
1106       3
87265      3
3193       3
2167       3
76954      3
58150      3
93330      3
27115      3
2333       3
87720      3
8566       3
17920      3
18411      3
86083      3
6523       3
55720      3
95042      3
35277      3
79081      3
85870      3
98785      3
50741      3
16440      3
89222      3
65690      3
2871       3
39827      3
8640       3
86038      3
62260      3
71735      3
88828      3
25903      3
5859       3
39570      3
28611      3
79900      3
3888       3
28944      3
1017       3
5028       3
2222       3
6706       3
58058      3
52121      3
84165      3
72306      3
39795      3
3348       3
32242      3
26120      3
36960      3
60866      3
1448       3
4555       3
72725      3
24732      3
4625       3
12405      3
30860      3
39688      3
18220      3
78625      3
3970       3
87380      3
65040      3
69063      3
45023      3
65064      3
66115      3
53030      3
33880      3
41321      3
56580      3
4085       3
90245      3
15780      3
26123      3
72017      3
3144       3
35476      3
59619      3
78515      3
58345      3
29114      3
5170       3
79740      3
31749      3
88760      3
9421       3
33823      3
1030       3
88920      3
35544      3
4154       3
5362       3
54720      3
1254       3
88730      3
75130      3
96845      3
4865       3
64750      3
78785      3
8571       3
3689       3
40157      3
2132       3
55608      3
25943      3
15495      3
69089      3
63870      3
79611      3
11421      3
24467      3
60431      3
60526      3
85852      3
2256       3
74473      3
12948      3
69055      3
4462       3
29111      3
5503       3
15077      3
49075      3
2675       3
32603      3
70801      3
57075      3
8551       3
95778      3
60177      3
66017      3
35326      3
4294       3
25275      3
3410       3
27533      3
15996      3
56260      3
94075      3
36227      3
11675      3
18209      3
5629       3
40717      3
65265      3
5272       3
78340      3
3171       3
79071      3
36272      3
39630      3
29201      3
24937      3
72821      3
4824       3
88570      3
28333      3
58804      3
97753      3
23890      3
45350      3
58745      3
54120      3
57303      3
5204       3
37060      3
11472      3
68464      3
6363       3
58070      3
3137       3
2218       3
13012      3
53415      3
87308      3
6712       3
60426      3
3256       3
25260      3
41185      3
98500      3
4414       3
26084      3
75261      3
70730      3
25938      3
25990      3
1517       3
86790      3
33045      3
44710      3
88306      3
63780      3
6417       3
12690      3
12424      3
73807      3
74905      3
79022      3
3883       3
25966      3
83824      3
3013       3
58540      3
83302      3
3952       3
60416      3
5046       3
99062      3
2835       3
5085       3
3024       3
95775      3
60732      3
60335      3
76868      3
59068      3
36502      3
3909       3
37903      3
97760      3
4265       3
64025      3
89683      3
7851       3
68610      3
89950      3
4047       3
85065      3
1037       3
37145      3
3435       3
84345      3
49945      3
5307       3
6288       3
63595      3
55155      3
86061      3
76383      3
35503      3
4241       3
54735      3
5638       3
24904      3
57022      3
68500      3
59700      3
28634      3
2141       3
35304      3
93990      3
53210      3
41152      3
93890      3
69313      3
64601      3
19230      3
68488      3
56332      3
74474      3
38540      3
70238      3
38120      3
14875      3
74605      3
78750      3
8625       3
60347      3
19070      3
74594      3
86804      3
58033      3
84935      3
3912       3
31545      3
19812      3
45055      3
55814      3
25243      3
85530      3
71615      3
6470       3
3101       3
41130      3
15920      3
76962      3
3448       3
65604      3
63106      3
86183      3
75880      3
17190      3
9404       3
76993      3
60867      3
53090      3
2423       3
94020      3
68525      3
24876      3
6428       3
3988       3
59780      3
67113      3
35690      3
7810       3
65047      3
9782       3
50791      3
56980      3
87047      3
60863      3
29157      3
57442      3
71218      3
63530      3
72910      3
83055      3
9561       3
6533       3
84150      3
64690      3
79304      3
78080      3
4470       3
26296      3
35060      3
37468      3
2877       3
62050      3
37880      3
11711      3
69980      3
17604      3
58770      3
48770      3
1027       3
65765      3
55350      3
5206       3
65320      3
68780      3
75820      3
64110      3
3358       3
9783       3
28894      3
60035      3
72546      3
13612      3
4230       3
30532      3
45003      3
19560      3
4658       3
25576      3
68458      3
3646       3
5183       3
5537       3
5201       3
8131       3
83304      3
40393      3
46170      3
58042      3
6355       3
79046      3
5403       3
4870       3
99709      3
3445       3
63034      3
75902      3
38288      3
99701      3
64160      3
4708       3
29126      3
9441       3
3008       3
84062      3
62760      3
70330      3
87306      3
18535      3
2834       3
58406      3
71630      3
20051      3
94810      3
26279      3
83305      3
3712       3
5049       3
1217       3
1429       3
72660      3
88905      3
84320      3
3028       3
21557      3
76913      3
61652      3
79017      3
79240      3
41330      3
4760       3
94828      3
96900      3
2726       3
65031      3
75071      3
58865      3
89970      3
15330      3
56760      3
69085      3
50970      3
15160      3
74893      3
71727      3
33920      3
19860      3
65015      3
50810      3
41120      3
4965       3
93546      3
37305      3
93044      3
5077       3
88650      3
86072      3
86706      3
57304      3
94940      3
14390      3
77760      3
24934      3
3249       3
67110      3
2987       3
5535       3
5361       3
70878      3
64055      3
59343      3
7910       3
67020      3
33825      3
19930      3
57420      3
70292      3
94040      3
95870      3
99890      3
18405      3
18780      3
72311      3
85845      3
55012      3
88890      3
3973       3
62560      3
39340      3
93420      3
89116      3
86280      3
46640      3
15890      3
89182      3
9401       3
71510      3
23067      3
69306      3
3355       3
60545      3
40221      3
95088      3
41200      3
59770      3
80820      3
33145      3
38178      3
88516      3
79303      3
79115      3
3089       3
2301       3
51200      3
59610      3
74785      3
3644       3
45160      3
9671       3
25725      3
68020      3
2315       3
1523       3
51280      3
99640      3
45645      3
99170      3
78830      3
4762       3
44990      3
39864      3
95334      3
85410      3
19680      3
1433       3
21520      3
41211      3
29314      3
89023      3
89082      3
36850      3
15315      3
66645      3
3221       3
75391      3
51350      3
5801       3
60874      3
93320      3
85955      3
74670      3
9624       3
97640      3
52040      3
75075      3
3388       3
87207      3
5736       3
48355      3
89087      3
83505      3
1206       3
3822       3
59092      3
2311       3
96360      3
60871      3
41098      3
87370      3
68685      3
24365      3
97513      3
3511       3
44570      3
74493      3
89115      3
64202      3
93228      3
5730       3
74735      3
73030      3
65270      3
74340      3
14835      3
3190       3
52021      3
29053      3
60421      3
24859      3
94853      3
55280      3
36340      3
3721       3
2970       3
42840      3
9631       3
35043      3
38425      3
35672      3
65606      3
84033      3
89506      3
18206      3
20943      3
3146       3
44750      3
56506      3
71810      3
11453      3
55297      3
79260      3
77880      3
17990      3
26453      3
62350      3
14408      3
3065       3
26585      3
52131      3
32661      3
63460      3
3806       3
70746      3
2368       3
99460      3
65053      3
48460      3
89180      3
36335      3
28891      3
35473      3
70276      3
95055      3
73080      3
6240       3
69035      3
26116      3
87660      3
17067      3
83605      3
7042       3
99360      3
68639      3
45994      3
13375      3
69074      3
76310      3
2352       3
7077       3
79097      3
3225       3
9615       3
41390      3
2436       3
4664       3
97200      3
75096      3
2031       3
27276      3
2920       3
78630      3
5870       3
93490      3
79045      3
5266       3
95985      3
35064      3
89815      3
49072      3
40020      3
9634       3
17650      3
2139       3
62184      3
38446      3
83810      3
5529       3
89480      3
49052      3
65725      3
3436       3
77710      3
6707       3
3251       3
26515      3
76808      3
3412       3
8582       3
2614       3
5205       3
5893       3
47760      3
47700      3
71710      3
85914      3
5440       3
29706      3
37760      3
3950       3
41231      3
37653      3
29936      3
2267       3
13606      3
4884       3
72020      3
88906      3
68148      3
88940      3
2079       3
29302      3
3610       3
39495      3
77803      3
96690      3
71910      3
86803      3
55292      3
1528       3
77305      3
36071      3
3942       3
11721      3
85907      3
79825      3
35338      3
3283       3
63165      3
25080      3
3702       3
57305      3
74683      3
37245      3
83409      3
35628      3
5595       3
93042      3
12830      3
73355      3
1514       3
64330      3
5459       3
36690      3
12140      3
75383      3
25625      3
64606      3
86085      3
70293      3
63020      3
85503      3
2474       3
98855      3
37520      3
12720      3
17760      3
82025      3
18278      3
72710      3
95914      3
32372      3
44930      3
29024      3
3315       3
37300      3
8880       3
65750      3
12506      3
87055      3
3937       3
58076      3
36740      3
4630       3
44713      3
55345      3
44770      3
15690      3
5576       3
53429      3
95885      3
2169       3
3584       3
3808       3
84031      3
26110      3
5741       3
1127       3
86960      3
3362       3
84920      3
13614      3
3116       3
18425      3
2928       3
74912      3
58418      3
70732      3
3387       3
26187      3
26173      3
87550      3
71009      3
54310      3
88545      3
18195      3
1013       3
88717      3
49700      3
25251      3
68180      3
9821       3
69099      3
26135      3
60520      3
89618      3
39470      3
46760      3
7220       3
18770      3
76190      3
86755      3
21833      3
18830      3
78820      3
26445      3
5613       3
2945       3
74480      3
25812      3
45985      3
37022      3
8022       3
37855      3
11531      3
65041      3
93052      3
17420      3
29620      3
62230      3
50630      3
79008      3
12421      3
85904      3
3175       3
49060      3
3129       3
15520      3
24716      3
45012      3
3179       3
5658       3
65260      3
23831      3
57602      3
60864      3
93806      3
7110       3
26320      3
7717       3
14179      3
74351      3
60540      3
68906      3
69058      3
5273       3
39770      3
79023      3
71995      3
2837       3
12607      3
4053       3
29934      3
14711      3
86191      3
1132       3
37006      3
60331      3
37472      3
26297      3
2910       3
88067      3
2258       3
84261      3
68750      3
59124      3
6147       3
76385      3
2862       3
74655      3
1402       3
71200      3
3409       3
70774      3
95702      3
14825      3
4210       3
85023      3
1125       3
38350      3
24417      3
38441      3
4770       3
8593       3
56170      3
38150      3
4787       3
78345      3
7261       3
11718      3
1507       3
91712      3
1215       3
65975      3
68665      3
44059      3
32423      3
26085      3
78090      3
74369      3
59076      3
89294      3
65082      3
4620       3
18272      3
95360      3
21720      3
25010      3
3974       3
4424       3
29110      3
39580      3
3645       3
24730      3
75524      3
93125      3
3921       3
48630      3
29109      3
91420      3
38880      3
77825      3
74680      3
55294      3
3477       3
46580      3
86073      3
5356       3
65916      3
3215       3
5836       3
89108      3
54510      3
2759       3
44065      3
11611      3
85620      3
64004      3
33113      3
4650       3
8132       3
4222       3
12401      3
3346       3
2055       3
26381      3
5795       3
2984       3
37730      3
32611      3
25235      3
83404      3
18304      3
83830      3
2224       3
65470      3
46165      3
3683       3
55002      3
25805      3
12904      3
67145      3
5073       3
3623       3
5864       3
45630      3
81260      3
68530      3
5875       3
4268       3
8540       3
2078       3
41225      3
76165      3
4267       3
89042      3
3641       3
70351      3
12507      3
3052       3
84620      3
59612      3
45120      3
73950      3
74315      3
5851       3
3480       3
1538       3
68650      3
12820      3
86703      3
2523       3
32412      3
8245       3
59625      3
99955      3
45780      3
9423       3
63190      3
58063      3
96205      3
7852       3
29113      3
27553      3
1445       3
4339       3
25957      3
89117      3
2234       3
26193      3
8020       3
14775      3
89760      3
39529      3
74363      3
38745      3
4332       3
29127      3
15052      3
65370      3
18704      3
86130      3
39350      3
26430      3
50850      3
29208      3
24050      3
25211      3
38041      3
5059       3
48330      3
7914       3
3402       3
18310      3
94852      3
5612       3
79013      3
36170      3
55409      3
7434       3
5041       3
85855      3
48607      3
4655       3
60340      3
37554      3
3043       3
2413       3
54771      3
89865      3
24804      3
24731      3
4631       3
26325      3
64077      3
30627      3
4894       3
8680       3
69903      3
37680      3
65268      3
2464       3
61920      3
3427       3
84196      3
12711      3
48930      3
88955      3
2931       3
78088      3
6013       3
41194      3
64063      3
4513       3
85303      3
39850      3
74675      3
55642      3
76807      3
1251       3
71955      3
48031      3
32230      3
3649       3
85988      3
71551      3
5454       3
2319       3
4773       3
70863      3
24720      3
74665      3
3237       3
29027      3
61658      3
79215      3
13422      3
4506       3
59173      3
94175      3
58401      3
39990      3
19770      3
89895      3
2674       3
15044      3
2334       3
15120      3
39450      3
46875      3
93344      3
52081      3
16012      3
36832      3
74630      3
96402      3
85861      3
1326       3
68456      3
57037      3
41345      3
2353       3
82010      3
43900      3
15802      3
1413       3
89066      3
76812      3
70835      3
37240      3
42703      3
13842      3
1134       3
3953       3
53700      3
59618      3
44245      3
57230      3
39644      3
78720      3
54210      3
45157      3
3051       3
48470      3
3206       3
18670      3
3126       3
78880      3
39950      3
45823      3
79603      3
56320      3
86027      3
4914       3
62970      3
1012       3
72536      3
68927      3
17320      3
4473       3
84064      3
55036      3
9617       3
1120       3
4624       3
42810      3
72811      3
4426       3
29206      3
79980      3
48895      3
63765      3
65670      3
52071      3
86470      3
24915      3
57048      3
88356      3
8544       3
36510      3
74914      2
79804      2
3636       2
2631       2
8686       2
15275      2
41480      2
41308      2
45840      2
39885      2
9686       2
55525      2
12413      2
2559       2
45585      2
62740      2
55565      2
39648      2
27470      2
55570      2
86188      2
54315      2
4171       2
36110      2
91781      2
74435      2
55644      2
7813       2
99980      2
69180      2
25949      2
2541       2
1105       2
5442       2
9845       2
2517       2
14165      2
61890      2
99835      2
3989       2
4761       2
63300      2
95795      2
6419       2
69098      2
49290      2
15706      2
5314       2
94836      2
2563       2
78240      2
36888      2
51340      2
55022      2
61939      2
64230      2
46220      2
51230      2
3566       2
76873      2
78554      2
2849       2
64240      2
75801      2
94451      2
2940       2
5110       2
65306      2
16308      2
2041       2
99350      2
78800      2
3177       2
60360      2
75195      2
4419       2
60873      2
12800      2
97610      2
39467      2
5432       2
8980       2
36918      2
55006      2
76710      2
3438       2
45987      2
94130      2
3316       2
28655      2
3017       2
3030       2
29198      2
65970      2
2813       2
26172      2
29075      2
36195      2
75123      2
86039      2
28148      2
85150      2
29117      2
45580      2
94425      2
71655      2
62630      2
83511      2
78810      2
9981       2
87506      2
58306      2
1038       2
26526      2
27971      2
25905      2
4641       2
68025      2
95915      2
77330      2
58703      2
76935      2
4289       2
45680      2
3106       2
40370      2
64050      2
4151       2
24916      2
3143       2
45077      2
3421       2
27343      2
32410      2
78745      2
2756       2
13977      2
19275      2
36540      2
89234      2
1450       2
55665      2
4714       2
4637       2
4369       2
94055      2
5122       2
86750      2
71090      2
77360      2
98465      2
3526       2
35146      2
27279      2
5601       2
55470      2
7836       2
4820       2
61906      2
64340      2
44005      2
32659      2
74660      2
88061      2
25973      2
29967      2
27960      2
65633      2
46930      2
87535      2
59052      2
88490      2
2672       2
76872      2
36165      2
4920       2
66010      2
27263      2
3503       2
2246       2
88512      2
54777      2
58088      2
15155      2
35765      2
37948      2
11510      2
46270      2
68374      2
3614       2
85926      2
17016      2
78716      2
86704      2
88180      2
56820      2
78875      2
32404      2
75710      2
46445      2
53520      2
81315      2
55299      2
93821      2
8507       2
20041      2
89113      2
71225      2
65605      2
61933      2
6620       2
6859       2
32215      2
39703      2
94770      2
76958      2
2378       2
2806       2
55420      2
70360      2
11515      2
65510      2
27537      2
83218      2
29708      2
6888       2
79210      2
65032      2
76290      2
76375      2
37408      2
15730      2
86635      2
13530      2
9962       2
68675      2
84290      2
7901       2
78117      2
72630      2
5533       2
3979       2
17027      2
5664       2
38930      2
76963      2
62020      2
83840      2
57975      2
45280      2
95115      2
59585      2
32060      2
68741      2
3347       2
4148       2
48604      2
3703       2
44008      2
77425      2
68375      2
3548       2
6793       2
36370      2
57250      2
98740      2
64208      2
44078      2
7727       2
3243       2
58780      2
9620       2
50090      2
2944       2
2188       2
32639      2
3472       2
5076       2
3070       2
4074       2
22452      2
5283       2
79802      2
35052      2
4446       2
58028      2
77823      2
2943       2
89503      2
70324      2
95975      2
72925      2
75106      2
96832      2
25267      2
2347       2
79824      2
72650      2
51300      2
30590      2
35065      2
86701      2
74560      2
2137       2
13226      2
45315      2
27555      2
2344       2
87750      2
89633      2
5088       2
38690      2
53605      2
67118      2
6729       2
29907      2
3389       2
84140      2
96890      2
12524      2
98040      2
95920      2
59607      2
15970      2
2651       2
4061       2
45710      2
21865      2
95255      2
85948      2
68928      2
73060      2
8766       2
5573       2
68473      2
99145      2
5329       2
58068      2
17010      2
18655      2
69027      2
54783      2
85025      2
70256      2
70675      2
1545       2
42721      2
5433       2
86601      2
60531      2
65968      2
83512      2
26584      2
78265      2
40231      2
3870       2
7941       2
5706       2
79902      2
2074       2
91796      2
5103       2
25071      2
42841      2
39930      2
95745      2
57920      2
70847      2
3269       2
99030      2
60767      2
63220      2
74333      2
24922      2
38650      2
74080      2
3032       2
26315      2
79073      2
29350      2
85998      2
2419       2
32421      2
70716      2
77453      2
56355      2
4124       2
4382       2
3073       2
63520      2
69018      2
23897      2
59570      2
98140      2
76720      2
94120      2
39873      2
58801      2
95099      2
59350      2
58059      2
64200      2
95910      2
29942      2
74830      2
27262      2
59490      2
3340       2
25530      2
65390      2
2713       2
68820      2
65059      2
4423       2
72960      2
19575      2
17720      2
36913      2
24902      2
12870      2
75784      2
4736       2
50060      2
62460      2
87355      2
7951       2
21535      2
73082      2
69057      2
7432       2
3543       2
96840      2
35199      2
4948       2
85794      2
89288      2
3202       2
49004      2
7841       2
23904      2
7980       2
77940      2
89669      2
45550      2
79114      2
57730      2
4280       2
61645      2
78563      2
3005       2
50640      2
55010      2
64604      2
26033      2
79300      2
29325      2
3655       2
41387      2
39370      2
58167      2
95074      2
93035      2
2650       2
7990       2
4408       2
41825      2
75131      2
1524       2
25936      2
77695      2
15810      2
3876       2
3258       2
29158      2
54140      2
97950      2
39135      2
89084      2
72887      2
1004       2
3403       2
63515      2
2274       2
63290      2
15240      2
46575      2
72238      2
72804      2
58431      2
61600      2
44530      2
2432       2
45263      2
35220      2
48300      2
2963       2
20060      2
7861       2
27516      2
90013      2
77816      2
5333       2
55028      2
29317      2
79310      2
36430      2
65056      2
64460      2
2765       2
89281      2
5772       2
46820      2
57900      2
2252       2
25223      2
71996      2
74919      2
60865      2
16750      2
69917      2
25085      2
47100      2
11606      2
74440      2
93614      2
35138      2
29510      2
93226      2
57120      2
2967       2
3626       2
85606      2
62762      2
27332      2
99708      2
38490      2
2417       2
4168       2
57083      2
76916      2
12445      2
98570      2
63195      2
30628      2
26053      2
2117       2
16450      2
36860      2
26270      2
39855      2
4866       2
55485      2
7232       2
58103      2
3946       2
42835      2
37815      2
2303       2
1144       2
39995      2
1019       2
16205      2
3456       2
95305      2
35063      2
74356      2
55845      2
98240      2
6757       2
11679      2
5545       2
24111      2
64320      2
48906      2
2732       2
33105      2
31585      2
4464       2
60730      2
27985      2
70342      2
79415      2
1250       2
85575      2
47830      2
72631      2
74130      2
72156      2
2670       2
78128      2
58170      2
19803      2
36515      2
39925      2
81930      2
2339       2
35388      2
45991      2
68470      2
68129      2
39835      2
16304      2
2342       2
72601      2
78420      2
65395      2
3055       2
70856      2
74485      2
41341      2
4751       2
8753       2
4103       2
88816      2
49047      2
25051      2
58034      2
2844       2
13342      2
76937      2
2081       2
74984      2
53060      2
3507       2
62665      2
57270      2
75904      2
88740      2
87080      2
36507      2
82590      2
48565      2
38794      2
35767      2
99714      2
65091      2
5117       2
5766       2
55690      2
6863       2
26321      2
79084      2
69088      2
19350      2
61656      2
23855      2
3430       2
3415       2
34011      2
89286      2
5536       2
89209      2
28992      2
57180      2
49280      2
57635      2
3565       2
5449       2
45622      2
77402      2
32684      2
9636       2
8503       2
56318      2
89021      2
74643      2
15265      2
57740      2
27336      2
39547      2
85118      2
59965      2
38776      2
4150       2
61936      2
24473      2
4740       2
11081      2
99965      2
67115      2
3637       2
87040      2
2861       2
93032      2
15047      2
35410      2
89162      2
41204      2
1418       2
36606      2
74950      2
30295      2
41334      2
2232       2
89780      2
23027      2
39874      2
25919      2
72641      2
98360      2
31652      2
5106       2
89893      2
44740      2
1049       2
40735      2
62640      2
72912      2
5869       2
3510       2
3618       2
3662       2
69090      2
88119      2
36235      2
88450      2
84250      2
97544      2
74305      2
15020      2
91280      2
63905      2
59460      2
3033       2
69925      2
4535       2
62620      2
54517      2
86066      2
3306       2
68738      2
56150      2
74590      2
19066      2
87540      2
85160      2
74975      2
35984      2
94380      2
16401      2
53350      2
11462      2
4892       2
25860      2
86290      2
3682       2
87430      2
76857      2
4428       2
70632      2
18980      2
74583      2
60744      2
2872       2
70735      2
35411      2
17206      2
78370      2
7997       2
38570      2
34650      2
4558       2
29390      2
3691       2
71530      2
62755      2
76908      2
83411      2
70830      2
35041      2
57210      2
89835      2
59575      2
46770      2
58320      2
3479       2
40340      2
35986      2
13382      2
35437      2
63240      2
89188      2
6868       2
55515      2
7215       2
58970      2
44067      2
72669      2
18408      2
14490      2
76871      2
70232      2
1006       2
88125      2
74672      2
58423      2
89112      2
47650      2
7749       2
83503      2
58062      2
64206      2
95611      2
85887      2
95043      2
11463      2
93135      2
62770      2
16270      2
98640      2
86930      2
49300      2
87305      2
48830      2
44055      2
3455       2
21655      2
72500      2
87320      2
75070      2
70701      2
71591      2
2873       2
63502      2
32141      2
76560      2
99940      2
7835       2
50865      2
25908      2
37496      2
88970      2
21645      2
59598      2
79965      2
71100      2
85465      2
38779      2
3273       2
1435       2
23909      2
78710      2
41900      2
89080      2
75440      2
87509      2
8590       2
13731      2
4923       2
78770      2
73930      2
44840      2
58064      2
14470      2
6636       2
63280      2
8596       2
36404      2
83070      2
1505       2
4032       2
78134      2
5593       2
87470      2
95370      2
15805      2
2918       2
86070      2
70278      2
59149      2
65468      2
79086      2
98807      2
63907      2
86710      2
51110      2
4402       2
18940      2
2416       2
77380      2
3756       2
69093      2
15773      2
35323      2
17066      2
44320      2
29222      2
9607       2
58706      2
57520      2
59032      2
59340      2
4645       2
63160      2
75560      2
68376      2
52190      2
58053      2
94856      2
86820      2
85885      2
72310      2
25930      2
75133      2
4690       2
79790      2
4877       2
18054      2
23547      2
11348      2
33840      2
35249      2
49085      2
63031      2
77804      2
22711      2
86680      2
60025      2
68275      2
85804      2
39165      2
13144      2
17475      2
26587      2
4358       2
3016       2
15081      2
77660      2
90251      2
4721       2
38295      2
11602      2
89128      2
30286      2
5580       2
39318      2
40355      2
93351      2
72329      2
26282      2
2630       2
4603       2
26557      2
3936       2
4570       2
15320      2
57310      2
15718      2
7832       2
12525      2
36974      2
19034      2
99960      2
94015      2
33060      2
72242      2
46765      2
24420      2
85815      2
3617       2
47580      2
59214      2
6531       2
86890      2
2257       2
37576      2
8502       2
39893      2
94050      2
3428       2
11676      2
3011       2
18022      2
99265      2
7854       2
12722      2
7936       2
79105      2
4788       2
37582      2
4745       2
5789       2
72737      2
57720      2
3692       2
52111      2
24753      2
35118      2
40286      2
95912      2
81312      2
49092      2
11600      2
96310      2
3710       2
93295      2
59830      2
42706      2
29040      2
78142      2
2939       2
1041       2
8564       2
4962       2
35865      2
28924      2
6874       2
3967       2
58402      2
40335      2
2955       2
36985      2
38735      2
70857      2
5135       2
56560      2
70766      2
47940      2
19590      2
39314      2
48011      2
37973      2
83800      2
4439       2
68550      2
78290      2
70352      2
6618       2
65860      2
31575      2
64820      2
97930      2
12935      2
5399       2
79620      2
60511      2
60020      2
57086      2
2207       2
5087       2
77750      2
35050      2
3109       2
62690      2
12294      2
33980      2
6223       2
26443      2
89509      2
38640      2
70842      2
79390      2
16056      2
18180      2
58434      2
59504      2
75023      2
60521      2
2119       2
24801      2
68795      2
95955      2
74393      2
98750      2
49820      2
62980      2
94824      2
16670      2
58015      2
3960       2
4756       2
3716       2
18990      2
95345      2
88868      2
4636       2
9139       2
19028      2
4891       2
72911      2
99750      2
70764      2
84046      2
17057      2
45590      2
93804      2
39615      2
45972      2
95172      2
46540      2
13406      2
19816      2
53401      2
5626       2
9692       2
45620      2
36572      2
11542      2
5045       2
25902      2
55592      2
58640      2
3278       2
88706      2
37740      2
63635      2
42808      2
34535      2
72592      2
86716      2
2133       2
5511       2
57280      2
78330      2
8556       2
4468       2
88295      2
59665      2
74573      2
53620      2
24866      2
29132      2
56440      2
44630      2
3304       2
39190      2
39243      2
2010       2
35495      2
99074      2
47115      2
5337       2
25974      2
45955      2
60764      2
9894       2
16303      2
97546      2
65035      2
46350      2
2190       2
93056      2
56950      2
87915      2
5084       2
45305      2
57307      2
17220      2
75120      2
9974       2
29760      2
38749      2
45210      2
72593      2
89550      2
58340      2
96210      2
5208       2
95240      2
29822      2
34700      2
35800      2
63024      2
57925      2
41350      2
35543      2
66090      2
37131      2
89707      2
99255      2
98338      2
78061      2
96407      2
15745      2
17940      2
4315       2
49680      2
2968       2
72261      2
47530      2
55120      2
76934      2
62140      2
72314      2
38421      2
58417      2
89814      2
42711      2
97210      2
35763      2
12704      2
1320       2
84263      2
83403      2
75702      2
97090      2
6443       2
73081      2
99600      2
45270      2
2112       2
58195      2
7788       2
46740      2
70277      2
37560      2
29380      2
2279       2
73980      2
63630      2
57890      2
87270      2
38744      2
6351       2
48070      2
24472      2
70645      2
3725       2
29720      2
36784      2
3012       2
89750      2
94460      2
8539       2
8581       2
5579       2
3462       2
68637      2
36542      2
63540      2
98460      2
2019       2
94195      2
74265      2
72268      2
55825      2
7844       2
76825      2
15540      2
13540      2
79113      2
64058      2
70273      2
55180      2
88915      2
61809      2
68645      2
74850      2
94455      2
2345       2
9629       2
29051      2
69906      2
86076      2
94495      2
56360      2
88165      2
54740      2
55395      2
88715      2
7957       2
3390       2
34585      2
88355      2
57680      2
64212      2
73970      2
58704      2
61700      2
2239       2
72301      2
75074      2
5785       2
97770      2
55150      2
9664       2
55641      2
76260      2
87670      2
2815       2
88358      2
55730      2
64965      2
87560      2
93880      2
17810      2
57620      2
40385      2
53270      2
4381       2
44895      2
57545      2
4806       2
8508       2
72323      2
94970      2
18435      2
64079      2
89056      2
59290      2
83301      2
19220      2
97280      2
65911      2
48130      2
3681       2
36157      2
44095      2
35438      2
24740      2
16790      2
3239       2
17680      2
73790      2
5388       2
4068       2
56870      2
66625      2
43825      2
38220      2
50040      2
89824      2
2350       2
65302      2
7756       2
64255      2
40451      2
1255       2
19062      2
58071      2
3223       2
46360      2
11671      2
38110      2
6090       2
72325      2
63620      2
8760       2
5316       2
37474      2
17410      2
30111      2
2532       2
44255      2
70640      2
3827       2
47808      2
12423      2
76340      2
63048      2
1235       2
42820      2
70873      2
55655      2
59810      2
59066      2
7856       2
2473       2
40315      2
59088      2
24941      2
66822      2
5107       2
71963      2
74870      2
94490      2
72315      2
3925       2
89069      2
49506      2
29550      2
27267      2
29297      2
5762       2
1406       2
77725      2
87114      2
81470      2
71596      2
57074      2
55950      2
69070      2
53160      2
27947      2
93525      2
65706      2
84073      2
2143       2
5656       2
3971       2
40252      2
95835      2
41245      2
59073      2
15830      2
97509      2
48040      2
55320      2
2479       2
74063      2
75807      2
4232       2
83330      2
12924      2
39780      2
87706      2
89818      2
3576       2
87208      2
38510      2
86845      2
55620      2
74450      2
56140      2
5269       2
29025      2
6721       2
35196      2
3553       2
29196      2
75620      2
6857       2
36426      2
35012      2
84460      2
44031      2
47950      2
58090      2
87185      2
37993      2
2181       2
8565       2
5464       2
6501       2
74685      2
11543      2
75910      2
53330      2
74510      2
77817      2
8534       2
3216       2
18225      2
3958       2
95755      2
3894       2
74290      2
63670      2
44500      2
55490      2
4755       2
27532      2
4217       2
89837      2
74543      2
95875      2
93216      2
58187      2
6675       2
49740      2
59074      2
79012      2
45460      2
93145      2
87112      2
55270      2
9857       2
4335       2
92032      2
93615      2
74343      2
76490      2
59855      2
34525      2
74373      2
72003      2
67035      2
72312      2
84032      2
78435      2
24471      2
25811      2
70295      2
93611      2
37615      2
31610      2
5514       2
89806      2
3907       2
5662       2
4406       2
59146      2
23565      2
29312      2
35585      2
86807      2
86828      2
88051      2
86082      2
36594      2
76961      2
86695      2
76907      2
4722       2
58081      2
38790      2
89212      2
8591       2
36072      2
1032       2
37143      2
86320      2
94834      2
87708      2
89712      2
55158      2
85138      2
45345      2
40444      2
97645      2
89233      2
8595       2
9685       2
8597       2
18430      2
9381       2
7995       2
21721      2
17034      2
29941      2
26311      2
9952       2
3240       2
5463       2
86042      2
63170      2
97040      2
78380      2
74465      2
44009      2
2915       2
38520      2
96081      2
45661      2
6406       2
35436      2
6278       2
15420      2
34590      2
4916       2
75134      2
87800      2
3672       2
15710      2
2268       2
68554      2
73402      2
4859       2
4264       2
70711      2
48913      2
88475      2
45260      2
55152      2
37568      2
78076      2
79600      2
9830       2
75114      2
57057      2
72587      2
48080      2
70879      2
15650      2
13386      2
2340       2
12093      2
3332       2
70385      2
54705      2
2129       2
37030      2
3411       2
9613       2
84272      2
69029      2
97980      2
41335      2
79820      2
26420      2
5180       2
3551       2
8115       2
2634       2
76822      2
3535       2
2357       2
6423       2
13911      2
83506      2
59012      2
1332       2
66650      2
89640      2
4383       2
87850      2
39755      2
53439      2
1444       2
89264      2
77002      2
87555      2
5512       2
16902      2
70844      2
6220       2
65631      2
85650      2
25820      2
77783      2
3931       2
41110      2
55865      2
8373       2
78587      2
86030      2
85826      2
62215      2
30518      2
62130      2
17370      2
9666       2
65235      2
90018      2
1412       2
4309       2
2556       2
16950      2
70252      2
85067      2
32657      2
55038      2
9331       2
63908      2
3107       2
5564       2
78870      2
68138      2
1510       2
96590      2
36979      2
79460      2
54290      2
26460      2
38870      2
6858       2
4931       2
4147       2
64005      2
7906       2
35657      2
28083      2
84530      2
93030      2
2738       2
93046      2
24940      2
88316      2
68907      2
77062      2
76530      2
3260       2
39710      2
75760      2
44180      2
72810      2
4639       2
36230      2
72506      2
5543       2
37264      2
44044      2
79440      2
23955      2
26330      2
4503       2
58328      2
2522       2
87290      2
55020      2
18245      2
74705      2
6394       2
94180      2
57660      2
9422       2
6805       2
85604      2
25535      2
40713      2
76730      2
88765      2
86125      2
40480      2
85280      2
1021       2
50100      2
5888       2
4417       2
68719      2
71605      2
33860      2
4066       2
36470      2
18066      2
89053      2
47740      2
32420      2
98975      2
70382      2
84950      2
89058      2
1540       2
17035      2
39825      2
9010       2
54368      2
8570       2
75143      2
38325      2
76110      2
33822      2
57860      2
48430      2
88164      2
2914       2
77024      2
96413      2
41270      2
56380      2
88812      2
32668      2
47120      2
69930      2
25937      2
3157       2
39715      2
25272      2
59550      2
58414      2
76180      2
65980      2
47970      2
59139      2
5781       2
96208      2
27514      2
53409      2
18260      2
23893      2
4626       2
77665      2
65295      2
75893      2
77455      2
94090      2
3512       2
15285      2
17056      2
70364      2
3463       2
72305      2
2233       2
39558      2
73802      2
86935      2
68920      2
89687      2
60341      2
59626      2
88904      2
14171      2
14570      2
55614      2
4677       2
62530      2
86809      2
4030       2
48909      2
11723      2
1427       2
12032      2
75555      2
7010       2
70865      2
95603      2
65870      2
14813      2
8226       2
2561       2
3060       2
3534       2
63041      2
96222      2
78138      2
56720      2
4281       2
64530      2
15980      2
59062      2
75534      2
25575      2
27310      2
4724       2
15108      2
41906      2
35606      2
60010      2
55153      2
2729       2
15062      2
67125      2
5446       2
5154       2
44610      2
4343       2
32602      2
5776       2
50875      2
70854      2
57540      2
25086      2
62053      2
2510       2
2972       2
55805      2
50930      2
44420      2
35054      2
11719      2
88511      2
64037      2
45662      2
35730      2
2515       2
25581      2
5057       2
48415      2
58397      2
16260      2
55032      2
36771      2
73753      2
3173       2
13413      2
75495      2
77433      2
3550       2
2120       2
5531       2
79043      2
19067      2
7944       2
86045      2
8372       2
74371      2
41219      2
65790      2
8506       2
3587       2
2269       2
83480      2
75054      2
85740      2
6728       2
1447       2
61605      2
35732      2
37928      2
57220      2
65480      2
53690      2
58027      2
72545      2
3676       2
74960      2
63250      2
86925      2
3253       2
18217      2
35488      2
57040      2
8071       2
4357       2
74946      2
58748      2
6097       2
35335      2
3441       2
55860      2
78285      2
78028      2
35368      2
14178      2
1430       2
3359       2
4672       2
4308       2
98380      2
72023      2
79009      2
73250      2
26570      2
4951       2
55850      2
29795      2
74913      2
39387      2
39563      2
38741      2
94967      2
12510      2
86620      2
5176       2
50980      2
35685      2
28160      2
64030      2
9785       2
39475      2
23943      2
55610      2
62022      2
89677      2
15310      2
21640      2
47813      2
12520      2
3425       2
99740      2
2354       2
97250      2
5515       2
5650       2
79095      2
87503      2
87201      2
3117       2
93040      2
96950      2
1015       2
3679       2
62375      2
12450      2
7802       2
59390      2
2361       2
87220      2
65709      2
44573      2
95090      2
29398      2
53435      2
84930      2
57800      2
79680      2
5132       2
45230      2
6320       2
56215      2
36923      2
75084      2
3882       2
35613      2
3736       2
79104      2
13428      2
69077      2
65292      2
35248      2
50690      2
18385      2
59065      2
18745      2
69005      2
74325      2
24846      2
4225       2
75855      2
74003      2
2214       2
96071      2
4266       2
60534      2
52170      2
94814      2
11435      2
45834      2
2124       2
2278       2
18403      2
35595      2
2880       2
17550      2
3440       2
78613      2
79320      2
23830      2
95735      2
24734      2
88341      2
61814      2
75063      2
46690      2
58390      2
48475      2
96770      2
95044      2
3271       2
21850      2
88598      2
45870      2
98940      2
79063      2
59123      2
5812       2
88470      2
75795      2
18935      2
19450      2
40460      2
91560      2
2964       2
64071      2
54767      2
36255      2
74987      2
76660      2
24746      2
4640       2
19031      2
59611      2
28925      2
19033      2
59115      2
12610      2
5518       2
49026      2
5622       2
17533      2
3451       2
2011       2
89232      2
3345       2
79810      2
88506      2
2371       2
48725      2
65350      2
5524       2
60415      2
65735      2
44550      2
5120       2
19830      2
86920      2
4505       2
3365       2
62039      2
9856       2
44590      2
15903      2
45936      2
82110      2
74957      2
3085       2
2328       2
7177       2
53545      2
89186      2
48680      2
55190      2
86860      2
5453       2
4082       2
4837       2
87203      2
86670      2
25925      2
83327      2
5086       2
76880      2
2633       2
42803      2
85618      2
3892       2
41300      2
74934      2
86049      2
7403       2
7013       2
5788       2
62340      2
94500      2
82115      2
58297      2
96445      2
16306      2
52221      2
65580      2
14415      2
74954      2
2937       2
49080      2
59800      2
36925      2
3677       2
3904       2
39150      2
54250      2
2720       2
99054      2
1024       2
46390      2
29062      2
95098      2
58056      2
83450      2
63011      2
75105      2
9443       2
3522       2
86375      2
38689      2
32669      2
1213       2
5115       2
55820      2
74775      2
75220      2
56220      2
12511      2
12444      2
85808      1
2175       1
62016      1
4723       1
65430      1
86806      1
69049      1
95124      1
3609       1
72331      1
4744       1
11547      1
73780      1
2114       1
76875      1
23076      1
28997      1
9614       1
50960      1
77440      1
62106      1
45986      1
74973      1
12334      1
64605      1
2832       1
57770      1
57530      1
45970      1
59084      1
30335      1
7840       1
87190      1
85350      1
25670      1
98160      1
79770      1
59196      1
2152       1
4768       1
7729       1
87309      1
72904      1
27522      1
35408      1
11629      1
51335      1
49535      1
57601      1
72509      1
41190      1
2231       1
87730      1
17455      1
57445      1
29316      1
6690       1
46280      1
77890      1
78553      1
86938      1
59213      1
59695      1
2714       1
1550       1
77478      1
58380      1
75093      1
89199      1
44340      1
39113      1
5322       1
78578      1
59795      1
57605      1
75713      1
7801       1
36220      1
35695      1
3627       1
63400      1
71570      1
84605      1
5655       1
99855      1
58082      1
28388      1
89380      1
65943      1
95589      1
60312      1
63960      1
26042      1
4170       1
48660      1
6930       1
2431       1
9600       1
78140      1
5725       1
71950      1
4067       1
45940      1
28927      1
64047      1
2331       1
64645      1
65255      1
59400      1
49089      1
99490      1
35442      1
37563      1
65180      1
18470      1
53610      1
2673       1
40342      1
93940      1
47310      1
24921      1
29707      1
44940      1
16940      1
93285      1
26660      1
2360       1
97755      1
16309      1
32419      1
35145      1
72865      1
1043       1
77814      1
32432      1
98690      1
72317      1
17500      1
56314      1
73865      1
29660      1
74953      1
13234      1
63640      1
59430      1
58078      1
35894      1
1431       1
9669       1
29885      1
65042      1
9621       1
55435      1
28595      1
41297      1
57313      1
78180      1
39518      1
65920      1
3295       1
99895      1
75530      1
3588       1
85945      1
44220      1
12730      1
77485      1
52390      1
45180      1
28912      1
75825      1
65230      1
27365      1
47160      1
57490      1
83210      1
65495      1
75125      1
75251      1
95350      1
4507       1
68360      1
98415      1
74476      1
36390      1
76862      1
95727      1
36544      1
9670       1
46490      1
7904       1
47440      1
89735      1
2150       1
2034       1
18215      1
38630      1
96875      1
4875       1
16406      1
7987       1
79430      1
1045       1
96842      1
95895      1
1253       1
29735      1
17214      1
36956      1
5264       1
87701      1
12441      1
65413      1
57820      1
5760       1
77780      1
20761      1
35242      1
3569       1
74425      1
85730      1
76150      1
29718      1
7812       1
25958      1
89533      1
71650      1
41347      1
75703      1
24027      1
54730      1
40490      1
29031      1
29187      1
12930      1
58675      1
89745      1
36501      1
12325      1
36145      1
68035      1
93230      1
12953      1
56750      1
26266      1
3145       1
58960      1
28555      1
4355       1
4557       1
36650      1
32653      1
36084      1
3442       1
12902      1
36892      1
58880      1
15995      1
62730      1
85478      1
73755      1
4766       1
76997      1
87230      1
85896      1
30250      1
76981      1
79556      1
76926      1
64700      1
6631       1
57275      1
87024      1
79116      1
36760      1
60542      1
49790      1
88339      1
65465      1
60411      1
4463       1
40220      1
3917       1
78678      1
5072       1
4275       1
7781       1
29750      1
72341      1
44061      1
76440      1
44970      1
51260      1
59515      1
71967      1
23912      1
74673      1
88139      1
16903      1
4774       1
12332      1
78663      1
70722      1
35188      1
73730      1
85913      1
71905      1
39728      1
9693       1
3478       1
85027      1
75535      1
44565      1
57360      1
39878      1
38030      1
88162      1
75126      1
89998      1
2084       1
49082      1
89118      1
60835      1
71715      1
9424       1
3373       1
26143      1
55194      1
82990      1
25932      1
59760      1
25921      1
35830      1
13415      1
34545      1
70375      1
24470      1
87103      1
4966       1
62015      1
19045      1
7955       1
69103      1
63112      1
74786      1
68509      1
75707      1
11720      1
96545      1
49066      1
5177       1
61625      1
89636      1
5095       1
39430      1
20061      1
44092      1
58695      1
74916      1
16070      1
79821      1
13107      1
68632      1
15768      1
4720       1
42717      1
37212      1
7739       1
7221       1
55305      1
33903      1
36406      1
58570      1
3927       1
44345      1
86035      1
59690      1
28145      1
48435      1
65540      1
99680      1
37970      1
17960      1
3474       1
25030      1
75144      1
65245      1
57500      1
39535      1
55670      1
85708      1
59603      1
86950      1
13915      1
75970      1
88150      1
72745      1
63490      1
85830      1
77475      1
55555      1
66910      1
57301      1
65515      1
97504      1
89410      1
74944      1
97576      1
29258      1
15525      1
76968      1
96209      1
28415      1
15038      1
5052       1
65150      1
99523      1
76540      1
75145      1
56210      1
45300      1
64059      1
95365      1
25945      1
2567       1
26920      1
2978       1
95335      1
29630      1
24802      1
5280       1
96150      1
4647       1
5845       1
49250      1
25803      1
4609       1
65585      1
77790      1
78721      1
55375      1
29121      1
94515      1
72705      1
86602      1
25887      1
17905      1
23950      1
59820      1
68520      1
6503       1
59060      1
65049      1
66830      1
5585       1
75104      1
2847       1
75254      1
75360      1
63051      1
87170      1
71975      1
6471       1
13615      1
2680       1
2475       1
87175      1
6504       1
76805      1
62390      1
64740      1
49600      1
15102      1
75020      1
64220      1
56317      1
75900      1
29217      1
35938      1
3267       1
91440      1
31746      1
74883      1
2985       1
26196      1
95820      1
37407      1
70741      1
36155      1
19042      1
33841      1
89145      1
87325      1
95260      1
48780      1
35975      1
65910      1
69038      1
14175      1
49995      1
87205      1
55800      1
56321      1
68792      1
5614       1
37447      1
40411      1
58489      1
97575      1
46250      1
79905      1
24727      1
72275      1
60349      1
29179      1
49980      1
26293      1
48610      1
59856      1
67105      1
41611      1
39723      1
7992       1
25840      1
85423      1
36290      1
98680      1
98794      1
96824      1
98125      1
55606      1
78243      1
76235      1
61943      1
99790      1
1426       1
58465      1
35908      1
1518       1
58625      1
59035      1
9633       1
8321       1
96843      1
75630      1
26190      1
75072      1
77645      1
78057      1
64930      1
4333       1
24411      1
65272      1
58031      1
45325      1
59143      1
78675      1
78144      1
53580      1
59147      1
54230      1
61934      1
62820      1
79645      1
33172      1
26299      1
39455      1
78559      1
99290      1
76860      1
70636      1
9603       1
79311      1
78543      1
4133       1
7262       1
4678       1
47730      1
95853      1
87202      1
85929      1
96025      1
95935      1
65780      1
77318      1
2817       1
36225      1
17950      1
4701       1
3972       1
38390      1
99042      1
2854       1
66123      1
15380      1
58255      1
11617      1
57440      1
4320       1
4743       1
5123       1
57640      1
12318      1
95013      1
81290      1
88524      1
76948      1
2635       1
70845      1
89285      1
89290      1
98760      1
19180      1
16130      1
5676       1
87395      1
74415      1
35225      1
3238       1
89843      1
49000      1
45920      1
66831      1
87770      1
68647      1
70876      1
95918      1
36108      1
9391       1
3014       1
32616      1
66840      1
73150      1
86078      1
79970      1
35123      1
65280      1
72874      1
44023      1
29041      1
68511      1
89530      1
1248       1
23931      1
2115       1
53360      1
70867      1
77064      1
85860      1
25810      1
74455      1
8660       1
78725      1
76906      1
57039      1
89590      1
46570      1
25821      1
55026      1
75843      1
2174       1
53250      1
49360      1
35565      1
78398      1
3447       1
38760      1
89838      1
7905       1
27155      1
57607      1
35604      1
87518      1
13233      1
85908      1
64870      1
57330      1
64535      1
96540      1
88460      1
3444       1
58398      1
28450      1
72535      1
94199      1
52171      1
57935      1
12341      1
5627       1
85565      1
69927      1
54789      1
64040      1
34015      1
98340      1
36270      1
14061      1
96420      1
65145      1
59980      1
55740      1
77620      1
74023      1
39840      1
57130      1
23821      1
95575      1
46970      1
51345      1
76120      1
3159       1
59890      1
54300      1
8558       1
79410      1
58818      1
2752       1
85865      1
15785      1
15735      1
64410      1
32689      1
95086      1
3035       1
9942       1
3224       1
7154       1
46670      1
14830      1
1003       1
3004       1
39645      1
68926      1
2736       1
89730      1
95572      1
29212      1
21532      1
87390      1
39718      1
62021      1
88374      1
37652      1
65755      1
73090      1
40276      1
53050      1
53300      1
29913      1
35505      1
8578       1
26316      1
2221       1
4318       1
77350      1
99495      1
89982      1
28998      1
4922       1
16230      1
76988      1
45988      1
36210      1
5560       1
4326       1
65043      1
86135      1
27278      1
39237      1
1256       1
2355       1
2077       1
2051       1
61615      1
99990      1
4926       1
58995      1
4556       1
57560      1
41214      1
37458      1
4070       1
31960      1
26450      1
38990      1
38470      1
55818      1
3674       1
28545      1
95783      1
83390      1
49960      1
29138      1
70057      1
44096      1
47665      1
85240      1
37414      1
36123      1
39823      1
94465      1
3981       1
90090      1
59790      1
9333       1
70753      1
19645      1
8621       1
70387      1
5336       1
58980      1
3624       1
27640      1
5080       1
75044      1
36873      1
62875      1
70239      1
15670      1
68730      1
48310      1
68786      1
18775      1
42722      1
18840      1
95706      1
65645      1
63590      1
77820      1
36455      1
1502       1
70316      1
7740       1
14786      1
6794       1
4882       1
6513       1
49910      1
19909      1
26163      1
65973      1
58755      1
27475      1
4231       1
73091      1
81860      1
5581       1
71645      1
36550      1
55031      1
74933      1
23832      1
9684       1
36525      1
19040      1
85064      1
36953      1
58388      1
79806      1
98335      1
58734      1
55604      1
49120      1
49270      1
73310      1
48485      1
2881       1
4611       1
65775      1
7907       1
8555       1
89121      1
41235      1
40226      1
76982      1
3893       1
85022      1
44540      1
96735      1
14785      1
39153      1
19870      1
98118      1
99730      1
86230      1
45002      1
4027       1
58487      1
70804      1
64465      1
55770      1
5109       1
58857      1
39207      1
4627       1
98925      1
4950       1
89111      1
85598      1
49009      1
69909      1
65740      1
84607      1
13389      1
65680      1
57670      1
86970      1
28396      1
24755      1
40354      1
64778      1
2166       1
85525      1
85520      1
39490      1
67103      1
73804      1
3939       1
20932      1
2525       1
5437       1
84980      1
2710       1
36407      1
61921      1
76304      1
51310      1
58140      1
34940      1
58225      1
28510      1
85820      1
35541      1
69908      1
70374      1
49180      1
12519      1
35880      1
89075      1
39295      1
47750      1
32430      1
79331      1
29131      1
93340      1
64051      1
2249       1
64890      1
58765      1
2370       1
84603      1
85508      1
5609       1
73006      1
95485      1
87357      1
38525      1
23936      1
77019      1
56520      1
77730      1
77555      1
50751      1
45428      1
39338      1
45993      1
27512      1
65705      1
33938      1
6885       1
63040      1
7430       1
72510      1
86187      1
89654      1
74633      1
95480      1
97572      1
24474      1
37524      1
44030      1
7436       1
48051      1
55410      1
35537      1
47450      1
36144      1
3270       1
74715      1
66821      1
78056      1
3656       1
46200      1
63570      1
68514      1
35193      1
64868      1
2737       1
74550      1
98955      1
32407      1
87155      1
61940      1
26413      1
21665      1
26470      1
45770      1
37012      1
5460       1
58620      1
70333      1
2187       1
79785      1
74640      1
36039      1
29985      1
36886      1
2338       1
8152       1
37467      1
18023      1
3245       1
74365      1
5834       1
14550      1
13099      1
58300      1
68580      1
35623      1
1124       1
78746      1
15790      1
56480      1
69095      1
75190      1
35104      1
98958      1
72455      1
99655      1
34740      1
9656       1
57608      1
69007      1
6882       1
64120      1
35183      1
55298      1
75262      1
55745      1
99270      1
96045      1
77066      1
5793       1
3571       1
64607      1
59040      1
59615      1
35275      1
5621       1
59621      1
37718      1
52150      1
53010      1
68815      1
17150      1
64388      1
72237      1
71820      1
19030      1
93601      1
49520      1
99340      1
89765      1
36560      1
39890      1
26180      1
5521       1
36895      1
68420      1
74769      1
44350      1
44094      1
2073       1
79301      1
17390      1
33020      1
64923      1
9606       1
64074      1
2867       1
28143      1
4246       1
57370      1
68800      1
25904      1
56503      1
44580      1
9445       1
95903      1
28425      1
39628      1
78093      1
72813      1
70353      1
22772      1
39928      1
40105      1
12601      1
75706      1
88021      1
70345      1
18640      1
48793      1
78711      1
12284      1
78508      1
14097      1
3434       1
60768      1
4283       1
99457      1
96076      1
40455      1
40253      1
8742       1
39516      1
5455       1
76897      1
94760      1
26063      1
1440       1
49890      1
7849       1
4277       1
79033      1
33065      1
61663      1
84623      1
35265      1
44800      1
78237      1
67146      1
2750       1
39848      1
3525       1
46830      1
72916      1
3172       1
89095      1
65248      1
28892      1
99215      1
9765       1
60512      1
64258      1
94463      1
17450      1
99880      1
41227      1
58740      1
73358      1
28155      1
75532      1
65380      1
3611       1
79580      1
58233      1
99580      1
45601      1
36275      1
78245      1
36135      1
85195      1
70373      1
5505       1
96487      1
57700      1
4202       1
5502       1
68545      1
76877      1
79995      1
39363      1
65225      1
96425      1
12442      1
39817      1
41210      1
29904      1
35698      1
99370      1
64808      1
60876      1
70702      1
28093      1
28350      1
37713      1
5692       1
55365      1
58307      1
76210      1
28948      1
3204       1
64570      1
91349      1
60182      1
73890      1
95709      1
72162      1
72760      1
79622      1
28810      1
77995      1
15367      1
23911      1
44960      1
5522       1
79330      1
70257      1
73088      1
3294       1
49008      1
27240      1
99770      1
4384       1
65033      1
7860       1
56313      1
74611      1
99970      1
15755      1
27515      1
59324      1
40365      1
64625      1
2811       1
41220      1
3050       1
88395      1
61902      1
77413      1
8568       1
55835      1
20972      1
5880       1
74390      1
18205      1
85866      1
89051      1
78077      1
35042      1
95390      1
59184      1
75665      1
13737      1
2917       1
23933      1
36596      1
95310      1
46960      1
93210      1
26062      1
4212       1
86720      1
77423      1
29918      1
72940      1
26256      1
92314      1
98970      1
58396      1
74853      1
4356       1
23907      1
57254      1
45470      1
35147      1
56828      1
38064      1
58830      1
5759       1
85557      1
83314      1
39818      1
4733       1
51275      1
2289       1
99610      1
47801      1
44680      1
96490      1
68702      1
6506       1
12095      1
77970      1
75708      1
35280      1
97545      1
70258      1
84072      1
95925      1
87538      1
76387      1
95902      1
73093      1
35580      1
86818      1
78555      1
68924      1
3554       1
63046      1
87950      1
75257      1
95275      1
5270       1
95057      1
58077      1
3042       1
69308      1
21043      1
48504      1
4075       1
83843      1
78573      1
48140      1
16078      1
23822      1
85868      1
27536      1
4153       1
64066      1
2723       1
49517      1
9440       1
83870      1
75985      1
68220      1
65095      1
61624      1
29386      1
5510       1
32431      1
58807      1
2551       1
39465      1
86805      1
24805      1
55360      1
46180      1
85063      1
15270      1
91778      1
4501       1
13459      1
96530      1
47560      1
49565      1
7747       1
87860      1
3023       1
83730      1
98850      1
79085      1
5589       1
51180      1
46425      1
55019      1
13643      1
63860      1
58421      1
54786      1
62625      1
68448      1
66814      1
50030      1
96095      1
89908      1
37005      1
3663       1
9822       1
65210      1
43810      1
57970      1
86385      1
62725      1
76580      1
3505       1
37714      1
79075      1
79230      1
35622      1
13302      1
55819      1
59310      1
35222      1
48800      1
71610      1
69934      1
33858      1
15630      1
28923      1
35238      1
24737      1
5606       1
49870      1
15580      1
36675      1
54352      1
34720      1
19904      1
1025       1
8383       1
58069      1
39635      1
89906      1
2110       1
35116      1
15154      1
11540      1
65693      1
15560      1
1438       1
39565      1
13307      1
73083      1
3943       1
79831      1
3518       1
65360      1
7076       1
5144       1
3284       1
19610      1
59144      1
47680      1
86825      1
72803      1
2539       1
6384       1
76386      1
28617      1
37559      1
89026      1
1324       1
70254      1
97850      1
84168      1
38282      1
56327      1
3564       1
99712      1
83328      1
48445      1
3606       1
14803      1
64091      1
5105       1
59178      1
5523       1
93050      1
6833       1
17110      1
75375      1
71976      1
79670      1
84970      1
65632      1
6825       1
37588      1
76930      1
58278      1
2213       1
26423      1
19035      1
53421      1
5745       1
5304       1
85958      1
5675       1
19505      1
85628      1
85933      1
64835      1
79108      1
18790      1
58700      1
44066      1
57945      1
79270      1
3383       1
35267      1
2359       1
24830      1
58411      1
3289       1
2717       1
2520       1
26425      1
3891       1
9696       1
32642      1
86810      1
89558      1
39623      1
29640      1
4371       1
2979       1
36405      1
59815      1
68725      1
2526       1
15885      1
75833      1
15915      1
39704      1
44450      1
87960      1
76987      1
35022      1
7414       1
25231      1
44780      1
57160      1
55178      1
60820      1
79841      1
86056      1
15953      1
65634      1
78528      1
64578      1
77026      1
88357      1
54505      1
3140       1
55578      1
3433       1
78560      1
75065      1
9131       1
68980      1
2121       1
79800      1
25806      1
2560       1
13452      1
97385      1
45375      1
59327      1
95750      1
72975      1
19580      1
93348      1
98620      1
64630      1
4460       1
2858       1
87280      1
11082      1
3802       1
3007       1
45534      1
59106      1
46750      1
98789      1
75132      1
2351       1
59614      1
3714       1
70755      1
75660      1
4638       1
75516      1
76889      1
77570      1
64525      1
86811      1
18684      1
76919      1
4375       1
95315      1
54320      1
9651       1
68997      1
59592      1
62300      1
59135      1
1022       1
49190      1
9334       1
62795      1
64170      1
9772       1
89083      1
2253       1
79903      1
83590      1
35348      1
99795      1
2189       1
75834      1
4789       1
4692       1
39814      1
24410      1
64695      1
35324      1
91795      1
61801      1
69096      1
59125      1
65090      1
47960      1
78595      1
3633       1
2820       1
58178      1
75140      1
11605      1
76965      1
41306      1
62884      1
61637      1
79077      1
3226       1
85145      1
59247      1
7929       1
1246       1
19740      1
39945      1
62910      1
3242       1
2180       1
15811      1
72836      1
6532       1
85450      1
64083      1
45330      1
13908      1
83829      1
5710       1
40254      1
79096      1
69045      1
99450      1
74270      1
77404      1
64400      1
44135      1
45355      1
65398      1
58115      1
28120      1
16680      1
87118      1
79072      1
37133      1
8726       1
96910      1
37716      1
11473      1
38447      1
77993      1
60765      1
44020      1
84271      1
63580      1
52031      1
72814      1
13147      1
68505      1
53525      1
9832       1
2076       1
61620      1
89025      1
6844       1
37405      1
74053      1
4411       1
72863      1
2468       1
98980      1
87528      1
1542       1
59094      1
8633       1
96405      1
18618      1
9662       1
41233      1
4643       1
18118      1
38130      1
87323      1
74535      1
95950      1
2613       1
69047      1
3046       1
4248       1
62420      1
35115      1
71731      1
31845      1
95718      1
79180      1
63044      1
78095      1
46130      1
4407       1
76983      1
59155      1
25265      1
37177      1
35624      1
25241      1
26455      1
86780      1
87511      1
25042      1
45613      1
72812      1
64013      1
95174      1
72917      1
69030      1
9837       1
59145      1
25230      1
2679       1
24119      1
2280       1
60721      1
2176       1
76817      1
46530      1
75836      1
3154       1
6505       1
72440      1
24856      1
3452       1
53290      1
72720      1
70380      1
89920      1
7808       1
2290       1
38738      1
44645      1
70067      1
3874       1
58432      1
74503      1
72243      1
24721      1
96990      1
89840      1
38056      1
57910      1
34008      1
88658      1
57244      1
64210      1
54170      1
27280      1
65293      1
45625      1
1237       1
2864       1
18404      1
84945      1
65830      1
23915      1
69068      1
4802       1
5749       1
12333      1
7867       1
53413      1
59112      1
75024      1
64390      1
64224      1
82860      1
70752      1
48570      1
5765       1
58026      1
7945       1
72621      1
36620      1
49530      1
71261      1
78670      1
35470      1
1016       1
74495      1
17023      1
98410      1
9160       1
37142      1
45443      1
74860      1
33833      1
15355      1
89535      1
61979      1
15823      1
11672      1
54470      1
76355      1
48450      1
28575      1
6630       1
77670      1
49950      1
63125      1
70253      1
85635      1
37469      1
44360      1
2140       1
47820      1
11621      1
59464      1
96878      1
38819      1
88925      1
39320      1
74943      1
77829      1
76966      1
39472      1
79470      1
62650      1
68658      1
44890      1
84602      1
74392      1
59955      1
72543      1
72502      1
16220      1
92323      1
5240       1
44460      1
1136       1
3880       1
15260      1
29724      1
76994      1
13808      1
96213      1
14725      1
79906      1
2056       1
48705      1
77580      1
77310      1
8248       1
86808      1
86240      1
30451      1
70742      1
33040      1
36707      1
55495      1
35667      1
25928      1
11497      1
64767      1
5068       1
52165      1
2839       1
73795      1
78150      1
61948      1
74988      1
58735      1
65083      1
94135      1
5611       1
65929      1
57325      1
99528      1
7902       1
73041      1
62540      1
18360      1
48071      1
98792      1
35424      1
86087      1
57380      1
12918      1
64086      1
5418       1
89845      1
54340      1
57319      1
60742      1
8767       1
95730      1
58213      1
59370      1
96410      1
59037      1
35902      1
86480      1
36590      1
2610       1
45177      1
44910      1
95612      1
96460      1
2327       1
64007      1
48922      1
27972      1
95948      1
64245      1
98895      1
2649       1
69079      1
53320      1
4059       1
39708      1
35311      1
7920       1
18301      1
63503      1
59374      1
4292       1
16055      1
2123       1
18203      1
37036      1
45608      1
49690      1
74917      1
73820      1
56190      1
3713       1
93218      1
76864      1
4412       1
5519       1
21746      1
36828      1
46560      1
83030      1
64022      1
28650      1
83535      1
57242      1
3044       1
26260      1
2764       1
71205      1
39812      1
36810      1
16016      1
35447      1
89778      1
75136      1
95945      1
81305      1
14115      1
5215       1
59110      1
35172      1
55240      1
59335      1
49507      1
26382      1
7956       1
36460      1
37465      1
7789       1
44892      1
51290      1
63610      1
19750      1
44089      1
97185      1
37997      1
62051      1
32656      1
59160      1
75510      1
2857       1
12760      1
70908      1
24813      1
45540      1
72507      1
44057      1
68798      1
97400      1
64084      1
70402      1
3151       1
17310      1
7726       1
86079      1
5569       1
16206      1
69036      1
88485      1
26035      1
58125      1
4236       1
23918      1
98450      1
15828      1
60015      1
78885      1
35390      1
2304       1
75392      1
63470      1
35380      1
32250      1
3514       1
76960      1
12329      1
83490      1
78125      1
1023       1
41275      1
65299      1
19190      1
75740      1
59104      1
3969       1
59596      1
68585      1
1449       1
61919      1
25884      1
58685      1
62903      1
88336      1
25912      1
41311      1
70634      1
44560      1
13288      1
29590      1
78430      1
19085      1
99034      1
2126       1
4461       1
21854      1
64060      1
55027      1
69304      1
5327       1
4921       1
49810      1
9672       1
2637       1
69087      1
58047      1
39130      1
85270      1
39875      1
75256      1
21236      1
48710      1
44775      1
84270      1
72321      1
40718      1
65140      1
83250      1
69460      1
64217      1
4218       1
65220      1
94838      1
97195      1
74691      1
3432       1
79648      1
79302      1
39315      1
62860      1
7940       1
6616       1
13427      1
65440      1
6724       1
2848       1
66914      1
29273      1
43870      1
3583       1
28435      1
69380      1
4258       1
3668       1
89663      1
35568      1
88680      1
76280      1
48750      1
39378      1
13432      1
5685       1
60740      1
64873      1
3580       1
94370      1
69905      1
65283      1
96823      1
55811      1
28929      1
76985      1
19140      1
86210      1
59970      1
64915      1
11601      1
2716       1
95177      1
2052       1
4642       1
59902      1
28340      1
4429       1
69065      1
3207       1
39640      1
64764      1
36664      1
97920      1
88410      1
3986       1
98540      1
38439      1
79134      1
88420      1
35662      1
17870      1
83401      1
33500      1
49130      1
59042      1
55157      1
2763       1
38710      1
89515      1
61610      1
5582       1
74481      1
17270      1
42716      1
59315      1
17440      1
3406       1
8747       1
39210      1
29128      1
36248      1
12330      1
71593      1
70386      1
5635       1
29932      1
65925      1
3405       1
86705      1
39360      1
71953      1
2733       1
3276       1
2754       1
72549      1
88519      1
76964      1
72457      1
60842      1
35955      1
64804      1
59378      1
89690      1
56512      1
15450      1
99925      1
60752      1
6795       1
78714      1
14230      1
35703      1
70712      1
87690      1
29654      1
64545      1
71740      1
59129      1
52191      1
70274      1
24726      1
77017      1
56485      1
4604       1
15340      1
75165      1
4413       1
48360      1
18620      1
45850      1
89925      1
97690      1
44250      1
4409       1
68377      1
2208       1
79125      1
64039      1
93945      1
62042      1
8535       1
64660      1
3259       1
45657      1
6846       1
12302      1
84063      1
55460      1
13912      1
71968      1
71590      1
75715      1
85680      1
72875      1
70874      1
69067      1
18145      1
41322      1
93602      1
7412       1
8342       1
52010      1
60345      1
99430      1
65600      1
98905      1
11710      1
54530      1
76650      1
1102       1
39103      1
57314      1
68620      1
44021      1
95380      1
61962      1
76315      1
8532       1
59594      1
75340      1
68430      1
58145      1
70422      1
64675      1
9432       1
74083      1
63210      1
59255      1
36893      1
5690       1
3541       1
61903      1
77460      1
5116       1
58750      1
73803      1
5282       1
19810      1
57020      1
35444      1
59547      1
47220      1
38460      1
13855      1
55636      1
24910      1
59299      1
6887       1
82950      1
57603      1
75950      1
88862      1
97960      1
41217      1
85894      1
86225      1
9834       1
2205       1
70043      1
3527       1
67010      1
5550       1
19920      1
27333      1
83703      1
47900      1
36857      1
36546      1
41295      1
63527      1
73870      1
45190      1
63132      1
89265      1
89086      1
32150      1
63340      1
95355      1
74350      1
18140      1
72927      1
71746      1
3003       1
78254      1
2045       1
12446      1
7743       1
54350      1
2982       1
58463      1
77960      1
96859      1
54715      1
60184      1
25907      1
63028      1
3603       1
2841       1
9835       1
39180      1
88445      1
75819      1
46225      1
60734      1
3941       1
2039       1
58580      1
72152      1
28664      1
74686      1
65250      1
1208       1
39573      1
97410      1
68022      1
2216       1
29321      1
3872       1
89880      1
35189      1
71993      1
58309      1
91785      1
40275      1
59182      1
55890      1
86330      1
89289      1
57570      1
24735      1
74886      1
45800      1
39862      1
3417       1
58802      1
2272       1
55415      1
74394      1
99605      1
89518      1
28993      1
89215      1
91798      1
7913       1
79925      1
19051      1
48720      1
88334      1
5339       1
59528      1
99190      1
6360       1
7784       1
5673       1
3330       1
87485      1
38370      1
9992       1
5678       1
9274       1
77018      1
87930      1
5804       1
7809       1
75750      1
92850      1
36592      1
3625       1
26023      1
65335      1
65560      1
71539      1
5263       1
12170      1
26380      1
86940      1
38072      1
4663       1
5652       1
68195      1
25942      1
58079      1
29203      1
95972      1
40810      1
14450      1
83650      1
4553       1
44280      1
61601      1
49063      1
17203      1
53560      1
66913      1
77603      1
97845      1
8762       1
5034       1
58915      1
3653       1
74433      1
9657       1
61631      1
31846      1
55602      1
6387       1
44670      1
38210      1
6870       1
35024      1
13986      1
4274       1
84267      1
55650      1
4298       1
29670      1
69316      1
13508      1
75635      1
85275      1
87210      1
3155       1
33082      1
56850      1
68170      1
65640      1
5441       1
61602      1
35105      1
14935      1
4291       1
85140      1
70299      1
93534      1
87880      1
71978      1
45890      1
62655      1
72805      1
96925      1
58315      1
74250      1
37175      1
3901       1
78888      1
26082      1
48405      1
61654      1
1432       1
79062      1
3873       1
78790      1
59930      1
35125      1
3652       1
1513       1
70336      1
85822      1
78731      1
35536      1
35555      1
48440      1
42843      1
37514      1
63270      1
95054      1
48060      1
41247      1
86192      1
64012      1
24070      1
5683       1
75990      1
5104       1
3426       1
74937      1
83760      1
23905      1
48520      1
39175      1
29136      1
59227      1
2755       1
1108       1
14760      1
14907      1
9410       1
62815      1
71980      1
4925       1
79190      1
8765       1
65935      1
76470      1
71573      1
83608      1
36834      1
70846      1
49860      1
65520      1
83310      1
4242       1
59275      1
4009       1
44072      1
76343      1
26480      1
60030      1
35359      1
4312       1
59440      1
71697      1
45029      1
17525      1
12297      1
99705      1
83252      1
45436      1
25809      1
28926      1
59870      1
79975      1
39380      1
86465      1
69932      1
65368      1
72853      1
24475      1
44690      1
9311       1
39248      1
4881       1
27598      1
55880      1
40314      1
76520      1
76842      1
95173      1
62180      1
29880      1
27420      1
79280      1
76195      1
45730      1
63140      1
44798      1
29017      1
71535      1
58707      1
57690      1
45750      1
76967      1
11538      1
89713      1
2168       1
57240      1
7155       1
58338      1
76345      1
41340      1
45611      1
13286      1
74303      1
2803       1
6448       1
88333      1
85700      1
68543      1
58350      1
35494      1
88819      1
73050      1
25270      1
62590      1
92027      1
83607      1
91270      1
75255      1
29180      1
8656       1
90038      1
72715      1
73754      1
84435      1
75043      1
35878      1
45265      1
5755       1
95171      1
89511      1
72830      1
88407      1
87530      1
64150      1
44730      1
2270       1
84630      1
95901      1
60321      1
85911      1
6696       1
79107      1
96290      1
86996      1
2850       1
37360      1
73272      1
4504       1
65170      1
33080      1
95717      1
45695      1
26230      1
33016      1
41337      1
91509      1
7184       1
65895      1
35148      1
12927      1
89155      1
63575      1
35478      1
15425      1
68905      1
35875      1
60875      1
88122      1
62170      1
87680      1
44035      1
36264      1
5855       1
95605      1
86250      1
2538       1
2942       1
89045      1
48914      1
71730      1
89813      1
47350      1
3661       1
44755      1
73320      1
72867      1
95175      1
29490      1
99920      1
53423      1
59604      1
65603      1
59295      1
27980      1
44642      1
76245      1
64228      1
9762       1
77827      1
64008      1
35785      1
3905       1
66015      1
93225      1
95420      1
85795      1
3176       1
52291      1
86895      1
74430      1
58330      1
99760      1
58286      1
15064      1
77353      1
12250      1
95530      1
45420      1
2262       1
76390      1
47590      1
13608      1
71208      1
62748      1
46835      1
93995      1
98796      1
2930       1
6334       1
77818      1
58324      1
89161      1
58180      1
50711      1
71969      1
3263       1
58920      1
58890      1
59628      1
85940      1
2375       1
75912      1
89828      1
62160      1
62190      1
87580      1
35114      1
65279      1
35431      1
3135       1
2935       1
89184      1
25980      1
98480      1
55630      1
6442       1
2326       1
70272      1
6817       1
69311      1
37860      1
57255      1
46700      1
62955      1
15868      1
58429      1
86819      1
53070      1
53425      1
49570      1
44715      1
44620      1
40387      1
88585      1
84269      1
78717      1
21852      1
65460      1
23880      1
78655      1
64211      1
63903      1
79842      1
15550      1
78460      1
18580      1
4307       1
5891       1
79710      1
58086      1
68680      1
72820      1
3424       1
39555      1
87760      1
52280      1
13909      1
50800      1
4224       1
88343      1
83306      1
75913      1
55550      1
5584       1
13640      1
71971      1
39837      1
38860      1
68551      1
76365      1
3966       1
86850      1
14260      1
42707      1
5591       1
1457       1
65945      1
36670      1
19024      1
83502      1
73391      1
64095      1
77723      1
98918      1
2981       1
5470       1
33861      1
5127       1
72427      1
29213      1
78579      1
93807      1
64807      1
15625      1
72735      1
58790      1
96755      1
18303      1
74723      1
3331       1
6418       1
74345      1
1443       1
27135      1
17625      1
58690      1
38627      1
75528      1
69950      1
13349      1
5140       1
58860      1
84051      1
72899      1
8774       1
61925      1
8510       1
88965      1
95552      1
2853       1
89898      1
79803      1
59192      1
58835      1
4290       1
70719      1
3125       1
19110      1
60766      1
4730       1
37215      1
9642       1
61648      1
3711       1
76465      1
68145      1
83116      1
62898      1
58302      1
40250      1
9628       1
79730      1
62960      1
77840      1
44920      1
78094      1
4646       1
11664      1
27657      1
63200      1
3272       1
96888      1
83603      1
68640      1
19902      1
25237      1
99690      1
36408      1
2080       1
99525      1
71698      1
2356       1
86650      1
4031       1
3130       1
89642      1
86610      1
41197      1
59775      1
58291      1
76460      1
12770      1
84604      1
2916       1
65707      1
64845      1
68373      1
60812      1
91791      1
78628      1
89430      1
57306      1
29615      1
74982      1
59198      1
65921      1
55315      1
41800      1
69021      1
62255      1
34009      1
54759      1
19410      1
79014      1
57930      1
85509      1
5619       1
72338      1
95923      1
48606      1
49750      1
96395      1
26170      1
5211       1
39895      1
37542      1
86370      1
59995      1
58550      1
4502       1
93110      1
39664      1
68629      1
74486      1
68618      1
87895      1
7034       1
72885      1
68575      1
63104      1
97880      1
74354      1
76515      1
65885      1
28530      1
36568      1
4365       1
29323      1
39398      1
16640      1
38665      1
65602      1
13707      1
94060      1
41386      1
9426       1
79909      1
9336       1
9372       1
77370      1
17590      1
55863      1
43815      1
7112       1
89213      1
5315       1
29020      1
12180      1
75835      1
7223       1
1205       1
3871       1
96115      1
14066      1
59518      1
4319       1
29134      1
3727       1
87145      1
98860      1
5538       1
74980      1
99043      1